<?xml version="1.0" encoding="UTF-8"?>
<beans xmlns="http://www.springframework.org/schema/beans"
       xmlns:xsi="http://www.w3.org/2001/XMLSchema-instance" xmlns:p="http://www.springframework.org/schema/p"
       xmlns:context="http://www.springframework.org/schema/context"
       xmlns:aop="http://www.springframework.org/schema/aop" xmlns:cache="http://www.springframework.org/schema/cache"
       xsi:schemaLocation="http://www.springframework.org/schema/aop http://www.springframework.org/schema/aop/spring-aop-3.2.xsd
		http://www.springframework.org/schema/beans http://www.springframework.org/schema/beans/spring-beans-3.2.xsd
		http://www.springframework.org/schema/cache http://www.springframework.org/schema/cache/spring-cache-3.2.xsd
		http://www.springframework.org/schema/context http://www.springframework.org/schema/context/spring-context-3.2.xsd
		">


	<!-- 引入属性文件 -->
	<!--<context:property-placeholder location="classpath:jdbc.properties" />-->
	<!-- 自动扫描（自动注入） -->
	<context:component-scan base-package="com.we.current.admin">
		<context:exclude-filter type="annotation"
			expression="org.springframework.stereotype.Controller" />
		<context:exclude-filter type="annotation"
			expression="org.springframework.web.bind.annotation.ControllerAdvice" />
	</context:component-scan>

	<!-- 启用缓存注解功能 -->
	<cache:annotation-driven cache-manager="cacheManager"
		proxy-target-class="true" />

	<!-- generic cache manager -->
	<bean id="cacheManager" class="org.springframework.cache.support.SimpleCacheManager">
		<property name="caches">
			<set>
				<bean
					class="org.springframework.cache.concurrent.ConcurrentMapCacheFactoryBean"
					p:name="default" />
				<bean
					class="org.springframework.cache.concurrent.ConcurrentMapCacheFactoryBean"
					p:name="dictCache" />
				<bean
					class="org.springframework.cache.concurrent.ConcurrentMapCacheFactoryBean"
					p:name="sysParamCache" />
			</set>
		</property>
	</bean>
	<aop:aspectj-autoproxy />
    <bean id="logAspect" class="com.we.p2p.admin.logger.OperatorLogger"/>
    <aop:config>
        <aop:aspect ref="logAspect">
            <aop:pointcut id="logPointCut" expression="execution(* com.we.current.admin.controller.*.*(..))"/>
            <aop:around pointcut-ref="logPointCut" method="doAround"/>
        </aop:aspect>
    </aop:config>


    <import resource="spring-shiro.xml"/>
    <import resource="spring-mybatis.xml"/>
    <import resource="spring-dubbo-consumer.xml"/>
</beans>
