<?xml version="1.0" encoding="UTF-8"?>
<beans xmlns="http://www.springframework.org/schema/beans"
       xmlns:xsi="http://www.w3.org/2001/XMLSchema-instance"
       xsi:schemaLocation="http://www.springframework.org/schema/beans http://www.springframework.org/schema/beans/spring-beans.xsd">

    <!--
         Shiro主过滤器本身功能十分强大，其强大之处就在于它支持任何基于URL路径表达式的、自定义的过滤器的执行
         Web应用中，Shiro可控制的Web请求必须经过Shiro主过滤器的拦截，Shiro对基于Spring的Web应用提供了完美的支持
      -->
    <bean id="shiroFilter" class="org.apache.shiro.spring.web.ShiroFilterFactoryBean">
        <property name="securityManager" ref="securityManager"/>
        <property name="loginUrl" value="/toLogin.do"/>
        <property name="successUrl" value="/main.jsp"/>
        <property name="unauthorizedUrl" value="/noPermission.jsp"/>
        <property name="filterChainDefinitions">
            <value>
                /toLogin.do = anon
                /resources/** = anon
                /logon.do = anon
                /exit.do = logout
                #/** = authc
            </value>
        </property>
    </bean>

    <!-- Shiro安全管理器 -->
    <bean id="securityManager" class="org.apache.shiro.web.mgt.DefaultWebSecurityManager">
        <property name="realm" ref="frmRealm"/>
        <property name="sessionManager" ref="sessionManager"/>
        <property name="cacheManager" ref="shiroEhcacheManager"/>
    </bean>

    <bean id="sessionManager"
          class="org.apache.shiro.web.session.mgt.DefaultWebSessionManager">
        <property name="sessionDAO" ref="sessionDAO"/>
        <property name="globalSessionTimeout" value="1200000"/>
        <property name="sessionValidationScheduler" ref="sessionValidationScheduler"/>
        <property name="sessionValidationSchedulerEnabled" value="true"/>
    </bean>

    <bean id="sessionDAO" class="org.apache.shiro.session.mgt.eis.EnterpriseCacheSessionDAO">
    </bean>

    <bean id="sessionValidationScheduler"
          class="org.apache.shiro.session.mgt.ExecutorServiceSessionValidationScheduler">
        <property name="interval" value="3600000"/>
    </bean>

    <bean id="lifecycleBeanPostProcessor" class="org.apache.shiro.spring.LifecycleBeanPostProcessor"/>

    <!-- Define the Shiro Realm implementation you want to use to connect to
        your back-end -->
    <!-- security datasource: -->
    <bean id="frmRealm" class="com.we.p2p.admin.shiro.FrmRealm">
    </bean>


    <!-- 用户授权信息Cache, 采用EhCache -->
    <bean id="shiroEhcacheManager" class="org.apache.shiro.cache.ehcache.EhCacheManager">
        <property name="cacheManagerConfigFile" value="classpath:ehcache-shiro.xml"/>
    </bean>

    <bean class="org.springframework.aop.framework.autoproxy.DefaultAdvisorAutoProxyCreator"
          depends-on="lifecycleBeanPostProcessor">
        <property name="proxyTargetClass" value="true"/>
    </bean>

    <bean class="org.apache.shiro.spring.security.interceptor.AuthorizationAttributeSourceAdvisor">
        <property name="securityManager" ref="securityManager"/>
    </bean>
</beans>
