<?xml version="1.0" encoding="UTF-8"?>
<beans xmlns="http://www.springframework.org/schema/beans"
	xmlns:xsi="http://www.w3.org/2001/XMLSchema-instance" xmlns:tx="http://www.springframework.org/schema/tx"
	xmlns:p="http://www.springframework.org/schema/p" xmlns:aop="http://www.springframework.org/schema/aop"
	xsi:schemaLocation="http://www.springframework.org/schema/beans http://www.springframework.org/schema/beans/spring-beans-3.2.xsd 
		http://www.springframework.org/schema/tx
 		http://www.springframework.org/schema/tx/spring-tx-3.2.xsd
      	http://www.springframework.org/schema/aop
 		http://www.springframework.org/schema/aop/spring-aop-3.2.xsd">
	<!-- 配置数据源 -->

	<bean id="dataSource" class="com.alibaba.druid.pool.DruidDataSource" init-method="init" destroy-method="close" lazy-init="true">
		<property name="driverClassName">
			<value>${jdbc_driverClassName}</value>
		</property>
		<property name="url">
			<value>${jdbc_url}</value>
		</property>
		<property name="username">
			<value>${jdbc_username}</value>
		</property>
		<property name="password">
			<value>${jdbc_password}</value>
		</property>
		<!-- 连接池最大使用连接数 -->
		<property name="maxActive">
			<value>300</value>
		</property>
		<!-- 初始化连接大小 -->
		<property name="initialSize">
			<value>10</value>
		</property>
		<!-- 获取连接最大等待时间 -->
		<property name="maxWait">
			<value>60000</value>
		</property>
		<!-- 连接池最大空闲, Deprecated -->
		<!--<property name="maxIdle">
            <value>20</value>
        </property>-->
		<!-- 连接池最小空闲 -->
		<property name="minIdle">
			<value>10</value>
		</property>
		<!-- 自动清除无用连接 -->
		<property name="removeAbandoned">
			<value>true</value>
		</property>
		<!-- 清除无用连接的等待时间 -->
		<property name="removeAbandonedTimeout">
			<value>600</value>
		</property>
		<!-- 连接属性 -->
		<property name="connectionProperties">
			<value>clientEncoding=UTF-8</value>
		</property>
	</bean>

	<!-- Mybatis配置 -->
	<bean id="sqlSessionFactory" class="org.mybatis.spring.SqlSessionFactoryBean">
		<property name="mapperLocations" value="classpath:mapper/*.xml" />
		<property name="configLocation" value="classpath:MapperConfig.xml" />
		<property name="dataSource" ref="dataSource" />
	</bean>

	<!-- mapper bean -->
	<bean class="org.mybatis.spring.mapper.MapperScannerConfigurer">
		<property name="basePackage" value="com.we.current.admin.dao" />
		<property name="sqlSessionFactoryBeanName" value="sqlSessionFactory" />
	</bean>

	<!-- 配置事务，注解方式 -->
	<bean id="txManager"
		class="org.springframework.jdbc.datasource.DataSourceTransactionManager"
		p:dataSource-ref="dataSource" />


	<bean id="jdbcTemplate" class="org.springframework.jdbc.core.JdbcTemplate">
		<property name="dataSource" ref="dataSource"></property>
	</bean>

	<tx:annotation-driven transaction-manager="txManager" />
</beans>
	