<?xml version="1.0" encoding="UTF-8" ?>
<!DOCTYPE mapper PUBLIC "-//mybatis.org//DTD Mapper 3.0//EN" "http://mybatis.org/dtd/mybatis-3-mapper.dtd" >
<mapper namespace="com.we.current.admin.dao.ContractTemplateDao" >
  <resultMap id="BaseResultMap" type="com.we.current.admin.entity.ContractTemplate" >
    <id column="id" property="id" jdbcType="INTEGER" />
    <result column="create_time" property="createTime" jdbcType="TIMESTAMP" />
    <result column="update_time" property="updateTime" jdbcType="TIMESTAMP" />
    <result column="name" property="name" jdbcType="VARCHAR" />
    <result column="file_name" property="fileName" jdbcType="VARCHAR" />
    <result column="enabled" property="enabled" jdbcType="TINYINT" />
  </resultMap>
  <resultMap id="ResultMapWithBLOBs" type="com.we.current.admin.entity.ContractTemplate" extends="BaseResultMap" >
    <result column="context" property="context" jdbcType="LONGVARCHAR" />
  </resultMap>
  <sql id="Base_Column_List" >
    id, create_time, update_time, name, file_name, enabled
  </sql>
  <sql id="Blob_Column_List" >
    context
  </sql>
  <select id="selectByPrimaryKey" resultMap="ResultMapWithBLOBs" parameterType="java.lang.Integer" >
    select 
    <include refid="Base_Column_List" />
    ,
    <include refid="Blob_Column_List" />
    from contract_template
    where id = #{id,jdbcType=INTEGER}
  </select>
  <delete id="deleteByPrimaryKey" parameterType="java.lang.Integer" >
    delete from contract_template
    where id = #{id,jdbcType=INTEGER}
  </delete>
  <insert id="insert" parameterType="com.we.current.admin.entity.ContractTemplate" >
    insert into contract_template (id, create_time, update_time, 
      name, file_name, enabled, 
      context)
    values (#{id,jdbcType=INTEGER}, #{createTime,jdbcType=TIMESTAMP}, #{updateTime,jdbcType=TIMESTAMP}, 
      #{name,jdbcType=VARCHAR}, #{fileName,jdbcType=VARCHAR}, #{enabled,jdbcType=TINYINT}, 
      #{context,jdbcType=LONGVARCHAR})
  </insert>
  <insert id="insertSelective" parameterType="com.we.current.admin.entity.ContractTemplate" >
    insert into contract_template
    <trim prefix="(" suffix=")" suffixOverrides="," >
      <if test="id != null" >
        id,
      </if>
      <if test="createTime != null" >
        create_time,
      </if>
      <if test="updateTime != null" >
        update_time,
      </if>
      <if test="name != null" >
        name,
      </if>
      <if test="fileName != null" >
        file_name,
      </if>
      <if test="enabled != null" >
        enabled,
      </if>
      <if test="context != null" >
        context,
      </if>
    </trim>
    <trim prefix="values (" suffix=")" suffixOverrides="," >
      <if test="id != null" >
        #{id,jdbcType=INTEGER},
      </if>
      <if test="createTime != null" >
        #{createTime,jdbcType=TIMESTAMP},
      </if>
      <if test="updateTime != null" >
        #{updateTime,jdbcType=TIMESTAMP},
      </if>
      <if test="name != null" >
        #{name,jdbcType=VARCHAR},
      </if>
      <if test="fileName != null" >
        #{fileName,jdbcType=VARCHAR},
      </if>
      <if test="enabled != null" >
        #{enabled,jdbcType=TINYINT},
      </if>
      <if test="context != null" >
        #{context,jdbcType=LONGVARCHAR},
      </if>
    </trim>
  </insert>
  <update id="updateByPrimaryKeySelective" parameterType="com.we.current.admin.entity.ContractTemplate" >
    update contract_template
    <set >
      <if test="createTime != null" >
        create_time = #{createTime,jdbcType=TIMESTAMP},
      </if>
      <if test="updateTime != null" >
        update_time = #{updateTime,jdbcType=TIMESTAMP},
      </if>
      <if test="name != null" >
        name = #{name,jdbcType=VARCHAR},
      </if>
      <if test="fileName != null" >
        file_name = #{fileName,jdbcType=VARCHAR},
      </if>
      <if test="enabled != null" >
        enabled = #{enabled,jdbcType=TINYINT},
      </if>
      <if test="context != null" >
        context = #{context,jdbcType=LONGVARCHAR},
      </if>
    </set>
    where id = #{id,jdbcType=INTEGER}
  </update>
  <update id="updateByPrimaryKeyWithBLOBs" parameterType="com.we.current.admin.entity.ContractTemplate" >
    update contract_template
    set create_time = #{createTime,jdbcType=TIMESTAMP},
      update_time = #{updateTime,jdbcType=TIMESTAMP},
      name = #{name,jdbcType=VARCHAR},
      file_name = #{fileName,jdbcType=VARCHAR},
      enabled = #{enabled,jdbcType=TINYINT},
      context = #{context,jdbcType=LONGVARCHAR}
    where id = #{id,jdbcType=INTEGER}
  </update>
  <update id="updateByPrimaryKey" parameterType="com.we.current.admin.entity.ContractTemplate" >
    update contract_template
    set create_time = #{createTime,jdbcType=TIMESTAMP},
      update_time = #{updateTime,jdbcType=TIMESTAMP},
      name = #{name,jdbcType=VARCHAR},
      file_name = #{fileName,jdbcType=VARCHAR},
      enabled = #{enabled,jdbcType=TINYINT}
    where id = #{id,jdbcType=INTEGER}
  </update>

    <select id="getContractCount" resultType="Integer">

        select count(*) from contract_template;
    </select>

    <select id="getContractMaxId" resultType="Integer">

        select id from contract_template order by id DESC limit 1;
    </select>

    <select id="getContractList" resultMap="BaseResultMap">

        select * from contract_template
        limit #{limit} offset #{offset}
    </select>

    <select id="getAllContract" resultMap="BaseResultMap">

        select id, name,file_name from contract_template;
    </select>

    <select id="getContractNameById" resultType="String" parameterType="java.lang.Integer">

        select file_name from contract_template where id = #{id,jdbcType=INTEGER}
    </select>
</mapper>