<?xml version="1.0" encoding="UTF-8" ?>
<!DOCTYPE mapper PUBLIC "-//mybatis.org//DTD Mapper 3.0//EN" "http://mybatis.org/dtd/mybatis-3-mapper.dtd" >
<mapper namespace="com.we.p2p.admin.dao.FrmDataDictMapper">
	<resultMap id="ExtendResultMap" type="com.we.p2p.admin.entity.DataDictionary">
		<id column="DICT_ID" property="dictId" jdbcType="BIGINT" />
		<result column="DICT_TITLE" property="dictTitle" jdbcType="VARCHAR" />
		<result column="DICT_DESC" property="dictDesc" jdbcType="VARCHAR" />
		<result column="DICT_TYPE" property="dictType" jdbcType="CHAR" />
		<result column="STATUS" property="status" jdbcType="CHAR" />
		<collection property="dictItemList"
			resultMap="com.we.p2p.admin.dao.FrmDataDictItemMapper.BaseResultMap" />
	</resultMap>

	<select id="selectByDataDictName" resultMap="ExtendResultMap"
		parameterType="java.lang.String">
		select
		<include refid="Base_Column_List" />
		from frm_data_dict
		where DICT_TITLE = #{dictTitle,jdbcType=VARCHAR}
	</select>
</mapper>