<?xml version="1.0" encoding="UTF-8" ?>
<!DOCTYPE mapper PUBLIC "-//mybatis.org//DTD Mapper 3.0//EN" "http://mybatis.org/dtd/mybatis-3-mapper.dtd" >
<mapper namespace="com.we.p2p.admin.dao.FrmDataDictItemMapper" >
  <resultMap id="BaseResultMap" type="com.we.p2p.admin.entity.FrmDataDictItem" >
    <!--
      WARNING - @mbggenerated
      This element is automatically generated by MyBatis Generator, do not modify.
      This element was generated on Mon Jun 17 17:58:45 GMT+08:00 2013.
    -->
    <id column="ITEM_ID" property="itemId" jdbcType="BIGINT" />
    <result column="DICT_ID" property="dictId" jdbcType="BIGINT" />
    <result column="ITEM_DESC" property="itemDesc" jdbcType="VARCHAR" />
    <result column="ITEM_CODE" property="itemCode" jdbcType="VARCHAR" />
    <result column="ITEM_VAL" property="itemVal" jdbcType="VARCHAR" />
    <result column="ITEM_TITLE" property="itemTitle" jdbcType="VARCHAR" />
    <result column="SEQ" property="seq" jdbcType="INTEGER" />
    <result column="PARENT_ID" property="parentId" jdbcType="BIGINT" />
    <result column="STATUS" property="status" jdbcType="CHAR" />
  </resultMap>
  <sql id="Example_Where_Clause" >
    <!--
      WARNING - @mbggenerated
      This element is automatically generated by MyBatis Generator, do not modify.
      This element was generated on Mon Jun 17 17:58:45 GMT+08:00 2013.
    -->
    <where >
      <foreach collection="oredCriteria" item="criteria" separator="or" >
        <if test="criteria.valid" >
          <trim prefix="(" suffix=")" prefixOverrides="and" >
            <foreach collection="criteria.criteria" item="criterion" >
              <choose >
                <when test="criterion.noValue" >
                  and ${criterion.condition}
                </when>
                <when test="criterion.singleValue" >
                  and ${criterion.condition} #{criterion.value}
                </when>
                <when test="criterion.betweenValue" >
                  and ${criterion.condition} #{criterion.value} and #{criterion.secondValue}
                </when>
                <when test="criterion.listValue" >
                  and ${criterion.condition}
                  <foreach collection="criterion.value" item="listItem" open="(" close=")" separator="," >
                    #{listItem}
                  </foreach>
                </when>
              </choose>
            </foreach>
          </trim>
        </if>
      </foreach>
    </where>
  </sql>
  <sql id="Update_By_Example_Where_Clause" >
    <!--
      WARNING - @mbggenerated
      This element is automatically generated by MyBatis Generator, do not modify.
      This element was generated on Mon Jun 17 17:58:45 GMT+08:00 2013.
    -->
    <where >
      <foreach collection="example.oredCriteria" item="criteria" separator="or" >
        <if test="criteria.valid" >
          <trim prefix="(" suffix=")" prefixOverrides="and" >
            <foreach collection="criteria.criteria" item="criterion" >
              <choose >
                <when test="criterion.noValue" >
                  and ${criterion.condition}
                </when>
                <when test="criterion.singleValue" >
                  and ${criterion.condition} #{criterion.value}
                </when>
                <when test="criterion.betweenValue" >
                  and ${criterion.condition} #{criterion.value} and #{criterion.secondValue}
                </when>
                <when test="criterion.listValue" >
                  and ${criterion.condition}
                  <foreach collection="criterion.value" item="listItem" open="(" close=")" separator="," >
                    #{listItem}
                  </foreach>
                </when>
              </choose>
            </foreach>
          </trim>
        </if>
      </foreach>
    </where>
  </sql>
  <sql id="Base_Column_List" >
    <!--
      WARNING - @mbggenerated
      This element is automatically generated by MyBatis Generator, do not modify.
      This element was generated on Mon Jun 17 17:58:45 GMT+08:00 2013.
    -->
    ITEM_ID, DICT_ID, ITEM_DESC, ITEM_CODE, ITEM_VAL, ITEM_TITLE, SEQ, PARENT_ID, STATUS
  </sql>
  <select id="selectByExample" resultMap="BaseResultMap" parameterType="com.we.p2p.admin.entity.FrmDataDictItemExample" >
    <!--
      WARNING - @mbggenerated
      This element is automatically generated by MyBatis Generator, do not modify.
      This element was generated on Mon Jun 17 17:58:45 GMT+08:00 2013.
    -->
    select
    <if test="distinct" >
      distinct
    </if>
    <include refid="Base_Column_List" />
    from frm_data_dict_item
    <if test="_parameter != null" >
      <include refid="Example_Where_Clause" />
    </if>
    <if test="orderByClause != null" >
      order by ${orderByClause}
    </if>
  </select>
  <select id="selectByPrimaryKey" resultMap="BaseResultMap" parameterType="java.lang.Long" >
    <!--
      WARNING - @mbggenerated
      This element is automatically generated by MyBatis Generator, do not modify.
      This element was generated on Mon Jun 17 17:58:45 GMT+08:00 2013.
    -->
    select 
    <include refid="Base_Column_List" />
    from frm_data_dict_item
    where ITEM_ID = #{itemId,jdbcType=BIGINT}
  </select>
  <delete id="deleteByPrimaryKey" parameterType="java.lang.Long" >
    <!--
      WARNING - @mbggenerated
      This element is automatically generated by MyBatis Generator, do not modify.
      This element was generated on Mon Jun 17 17:58:45 GMT+08:00 2013.
    -->
    delete from frm_data_dict_item
    where ITEM_ID = #{itemId,jdbcType=BIGINT}
  </delete>
  <delete id="deleteByExample" parameterType="com.we.p2p.admin.entity.FrmDataDictItemExample" >
    <!--
      WARNING - @mbggenerated
      This element is automatically generated by MyBatis Generator, do not modify.
      This element was generated on Mon Jun 17 17:58:45 GMT+08:00 2013.
    -->
    delete from frm_data_dict_item
    <if test="_parameter != null" >
      <include refid="Example_Where_Clause" />
    </if>
  </delete>
  <insert id="insert" parameterType="com.we.p2p.admin.entity.FrmDataDictItem" >
    <!--
      WARNING - @mbggenerated
      This element is automatically generated by MyBatis Generator, do not modify.
      This element was generated on Mon Jun 17 17:58:45 GMT+08:00 2013.
    -->
    insert into frm_data_dict_item (ITEM_ID, DICT_ID, ITEM_DESC, 
      ITEM_CODE, ITEM_VAL, ITEM_TITLE, 
      SEQ, PARENT_ID, STATUS)
    values (#{itemId,jdbcType=BIGINT}, #{dictId,jdbcType=BIGINT}, #{itemDesc,jdbcType=VARCHAR}, 
      #{itemCode,jdbcType=VARCHAR}, #{itemVal,jdbcType=VARCHAR}, #{itemTitle,jdbcType=VARCHAR}, 
      #{seq,jdbcType=INTEGER}, #{parentId,jdbcType=BIGINT}, #{status,jdbcType=CHAR})
  </insert>
  <insert id="insertSelective" parameterType="com.we.p2p.admin.entity.FrmDataDictItem" >
    <!--
      WARNING - @mbggenerated
      This element is automatically generated by MyBatis Generator, do not modify.
      This element was generated on Mon Jun 17 17:58:45 GMT+08:00 2013.
    -->
    insert into frm_data_dict_item
    <trim prefix="(" suffix=")" suffixOverrides="," >
      <if test="itemId != null" >
        ITEM_ID,
      </if>
      <if test="dictId != null" >
        DICT_ID,
      </if>
      <if test="itemDesc != null" >
        ITEM_DESC,
      </if>
      <if test="itemCode != null" >
        ITEM_CODE,
      </if>
      <if test="itemVal != null" >
        ITEM_VAL,
      </if>
      <if test="itemTitle != null" >
        ITEM_TITLE,
      </if>
      <if test="seq != null" >
        SEQ,
      </if>
      <if test="parentId != null" >
        PARENT_ID,
      </if>
      <if test="status != null" >
        STATUS,
      </if>
    </trim>
    <trim prefix="values (" suffix=")" suffixOverrides="," >
      <if test="itemId != null" >
        #{itemId,jdbcType=BIGINT},
      </if>
      <if test="dictId != null" >
        #{dictId,jdbcType=BIGINT},
      </if>
      <if test="itemDesc != null" >
        #{itemDesc,jdbcType=VARCHAR},
      </if>
      <if test="itemCode != null" >
        #{itemCode,jdbcType=VARCHAR},
      </if>
      <if test="itemVal != null" >
        #{itemVal,jdbcType=VARCHAR},
      </if>
      <if test="itemTitle != null" >
        #{itemTitle,jdbcType=VARCHAR},
      </if>
      <if test="seq != null" >
        #{seq,jdbcType=INTEGER},
      </if>
      <if test="parentId != null" >
        #{parentId,jdbcType=BIGINT},
      </if>
      <if test="status != null" >
        #{status,jdbcType=CHAR},
      </if>
    </trim>
  </insert>
  <select id="countByExample" parameterType="com.we.p2p.admin.entity.FrmDataDictItemExample" resultType="java.lang.Integer" >
    <!--
      WARNING - @mbggenerated
      This element is automatically generated by MyBatis Generator, do not modify.
      This element was generated on Mon Jun 17 17:58:45 GMT+08:00 2013.
    -->
    select count(*) from frm_data_dict_item
    <if test="_parameter != null" >
      <include refid="Example_Where_Clause" />
    </if>
  </select>
  <update id="updateByExampleSelective" parameterType="map" >
    <!--
      WARNING - @mbggenerated
      This element is automatically generated by MyBatis Generator, do not modify.
      This element was generated on Mon Jun 17 17:58:45 GMT+08:00 2013.
    -->
    update frm_data_dict_item
    <set >
      <if test="record.itemId != null" >
        ITEM_ID = #{record.itemId,jdbcType=BIGINT},
      </if>
      <if test="record.dictId != null" >
        DICT_ID = #{record.dictId,jdbcType=BIGINT},
      </if>
      <if test="record.itemDesc != null" >
        ITEM_DESC = #{record.itemDesc,jdbcType=VARCHAR},
      </if>
      <if test="record.itemCode != null" >
        ITEM_CODE = #{record.itemCode,jdbcType=VARCHAR},
      </if>
      <if test="record.itemVal != null" >
        ITEM_VAL = #{record.itemVal,jdbcType=VARCHAR},
      </if>
      <if test="record.itemTitle != null" >
        ITEM_TITLE = #{record.itemTitle,jdbcType=VARCHAR},
      </if>
      <if test="record.seq != null" >
        SEQ = #{record.seq,jdbcType=INTEGER},
      </if>
      <if test="record.parentId != null" >
        PARENT_ID = #{record.parentId,jdbcType=BIGINT},
      </if>
      <if test="record.status != null" >
        STATUS = #{record.status,jdbcType=CHAR},
      </if>
    </set>
    <if test="_parameter != null" >
      <include refid="Update_By_Example_Where_Clause" />
    </if>
  </update>
  <update id="updateByExample" parameterType="map" >
    <!--
      WARNING - @mbggenerated
      This element is automatically generated by MyBatis Generator, do not modify.
      This element was generated on Mon Jun 17 17:58:45 GMT+08:00 2013.
    -->
    update frm_data_dict_item
    set ITEM_ID = #{record.itemId,jdbcType=BIGINT},
      DICT_ID = #{record.dictId,jdbcType=BIGINT},
      ITEM_DESC = #{record.itemDesc,jdbcType=VARCHAR},
      ITEM_CODE = #{record.itemCode,jdbcType=VARCHAR},
      ITEM_VAL = #{record.itemVal,jdbcType=VARCHAR},
      ITEM_TITLE = #{record.itemTitle,jdbcType=VARCHAR},
      SEQ = #{record.seq,jdbcType=INTEGER},
      PARENT_ID = #{record.parentId,jdbcType=BIGINT},
      STATUS = #{record.status,jdbcType=CHAR}
    <if test="_parameter != null" >
      <include refid="Update_By_Example_Where_Clause" />
    </if>
  </update>
  <update id="updateByPrimaryKeySelective" parameterType="com.we.p2p.admin.entity.FrmDataDictItem" >
    <!--
      WARNING - @mbggenerated
      This element is automatically generated by MyBatis Generator, do not modify.
      This element was generated on Mon Jun 17 17:58:45 GMT+08:00 2013.
    -->
    update frm_data_dict_item
    <set >
      <if test="dictId != null" >
        DICT_ID = #{dictId,jdbcType=BIGINT},
      </if>
      <if test="itemDesc != null" >
        ITEM_DESC = #{itemDesc,jdbcType=VARCHAR},
      </if>
      <if test="itemCode != null" >
        ITEM_CODE = #{itemCode,jdbcType=VARCHAR},
      </if>
      <if test="itemVal != null" >
        ITEM_VAL = #{itemVal,jdbcType=VARCHAR},
      </if>
      <if test="itemTitle != null" >
        ITEM_TITLE = #{itemTitle,jdbcType=VARCHAR},
      </if>
      <if test="seq != null" >
        SEQ = #{seq,jdbcType=INTEGER},
      </if>
      <if test="parentId != null" >
        PARENT_ID = #{parentId,jdbcType=BIGINT},
      </if>
      <if test="status != null" >
        STATUS = #{status,jdbcType=CHAR},
      </if>
    </set>
    where ITEM_ID = #{itemId,jdbcType=BIGINT}
  </update>
  <update id="updateByPrimaryKey" parameterType="com.we.p2p.admin.entity.FrmDataDictItem" >
    <!--
      WARNING - @mbggenerated
      This element is automatically generated by MyBatis Generator, do not modify.
      This element was generated on Mon Jun 17 17:58:45 GMT+08:00 2013.
    -->
    update frm_data_dict_item
    set DICT_ID = #{dictId,jdbcType=BIGINT},
      ITEM_DESC = #{itemDesc,jdbcType=VARCHAR},
      ITEM_CODE = #{itemCode,jdbcType=VARCHAR},
      ITEM_VAL = #{itemVal,jdbcType=VARCHAR},
      ITEM_TITLE = #{itemTitle,jdbcType=VARCHAR},
      SEQ = #{seq,jdbcType=INTEGER},
      PARENT_ID = #{parentId,jdbcType=BIGINT},
      STATUS = #{status,jdbcType=CHAR}
    where ITEM_ID = #{itemId,jdbcType=BIGINT}
  </update>
</mapper>