<?xml version="1.0" encoding="UTF-8" ?>
<!DOCTYPE mapper PUBLIC "-//mybatis.org//DTD Mapper 3.0//EN" "http://mybatis.org/dtd/mybatis-3-mapper.dtd" >
<mapper namespace="com.we.p2p.admin.dao.FrmDataDictMapper" >
  <resultMap id="BaseResultMap" type="com.we.p2p.admin.entity.FrmDataDict" >
    <!--
      WARNING - @mbggenerated
      This element is automatically generated by MyBatis Generator, do not modify.
      This element was generated on Mon Jun 17 17:58:45 GMT+08:00 2013.
    -->
    <id column="DICT_ID" property="dictId" jdbcType="BIGINT" />
    <result column="DICT_TITLE" property="dictTitle" jdbcType="VARCHAR" />
    <result column="DICT_DESC" property="dictDesc" jdbcType="VARCHAR" />
    <result column="DICT_TYPE" property="dictType" jdbcType="CHAR" />
    <result column="STATUS" property="status" jdbcType="CHAR" />
  </resultMap>
  <sql id="Example_Where_Clause" >
    <!--
      WARNING - @mbggenerated
      This element is automatically generated by MyBatis Generator, do not modify.
      This element was generated on Mon Jun 17 17:58:45 GMT+08:00 2013.
    -->
    <where >
      <foreach collection="oredCriteria" item="criteria" separator="or" >
        <if test="criteria.valid" >
          <trim prefix="(" suffix=")" prefixOverrides="and" >
            <foreach collection="criteria.criteria" item="criterion" >
              <choose >
                <when test="criterion.noValue" >
                  and ${criterion.condition}
                </when>
                <when test="criterion.singleValue" >
                  and ${criterion.condition} #{criterion.value}
                </when>
                <when test="criterion.betweenValue" >
                  and ${criterion.condition} #{criterion.value} and #{criterion.secondValue}
                </when>
                <when test="criterion.listValue" >
                  and ${criterion.condition}
                  <foreach collection="criterion.value" item="listItem" open="(" close=")" separator="," >
                    #{listItem}
                  </foreach>
                </when>
              </choose>
            </foreach>
          </trim>
        </if>
      </foreach>
    </where>
  </sql>
  <sql id="Update_By_Example_Where_Clause" >
    <!--
      WARNING - @mbggenerated
      This element is automatically generated by MyBatis Generator, do not modify.
      This element was generated on Mon Jun 17 17:58:45 GMT+08:00 2013.
    -->
    <where >
      <foreach collection="example.oredCriteria" item="criteria" separator="or" >
        <if test="criteria.valid" >
          <trim prefix="(" suffix=")" prefixOverrides="and" >
            <foreach collection="criteria.criteria" item="criterion" >
              <choose >
                <when test="criterion.noValue" >
                  and ${criterion.condition}
                </when>
                <when test="criterion.singleValue" >
                  and ${criterion.condition} #{criterion.value}
                </when>
                <when test="criterion.betweenValue" >
                  and ${criterion.condition} #{criterion.value} and #{criterion.secondValue}
                </when>
                <when test="criterion.listValue" >
                  and ${criterion.condition}
                  <foreach collection="criterion.value" item="listItem" open="(" close=")" separator="," >
                    #{listItem}
                  </foreach>
                </when>
              </choose>
            </foreach>
          </trim>
        </if>
      </foreach>
    </where>
  </sql>
  <sql id="Base_Column_List" >
    <!--
      WARNING - @mbggenerated
      This element is automatically generated by MyBatis Generator, do not modify.
      This element was generated on Mon Jun 17 17:58:45 GMT+08:00 2013.
    -->
    DICT_ID, DICT_TITLE, DICT_DESC, DICT_TYPE, STATUS
  </sql>
  <select id="selectByExample" resultMap="BaseResultMap" parameterType="com.we.p2p.admin.entity.FrmDataDictExample" >
    <!--
      WARNING - @mbggenerated
      This element is automatically generated by MyBatis Generator, do not modify.
      This element was generated on Mon Jun 17 17:58:45 GMT+08:00 2013.
    -->
    select
    <if test="distinct" >
      distinct
    </if>
    <include refid="Base_Column_List" />
    from frm_data_dict
    <if test="_parameter != null" >
      <include refid="Example_Where_Clause" />
    </if>
    <if test="orderByClause != null" >
      order by ${orderByClause}
    </if>
  </select>
  <select id="selectByPrimaryKey" resultMap="BaseResultMap" parameterType="java.lang.Long" >
    <!--
      WARNING - @mbggenerated
      This element is automatically generated by MyBatis Generator, do not modify.
      This element was generated on Mon Jun 17 17:58:45 GMT+08:00 2013.
    -->
    select 
    <include refid="Base_Column_List" />
    from frm_data_dict
    where DICT_ID = #{dictId,jdbcType=BIGINT}
  </select>
  <delete id="deleteByPrimaryKey" parameterType="java.lang.Long" >
    <!--
      WARNING - @mbggenerated
      This element is automatically generated by MyBatis Generator, do not modify.
      This element was generated on Mon Jun 17 17:58:45 GMT+08:00 2013.
    -->
    delete from frm_data_dict
    where DICT_ID = #{dictId,jdbcType=BIGINT}
  </delete>
  <delete id="deleteByExample" parameterType="com.we.p2p.admin.entity.FrmDataDictExample" >
    <!--
      WARNING - @mbggenerated
      This element is automatically generated by MyBatis Generator, do not modify.
      This element was generated on Mon Jun 17 17:58:45 GMT+08:00 2013.
    -->
    delete from frm_data_dict
    <if test="_parameter != null" >
      <include refid="Example_Where_Clause" />
    </if>
  </delete>
  <insert id="insert" parameterType="com.we.p2p.admin.entity.FrmDataDict" >
    <!--
      WARNING - @mbggenerated
      This element is automatically generated by MyBatis Generator, do not modify.
      This element was generated on Mon Jun 17 17:58:45 GMT+08:00 2013.
    -->
    insert into frm_data_dict (DICT_ID, DICT_TITLE, DICT_DESC, 
      DICT_TYPE, STATUS)
    values (#{dictId,jdbcType=BIGINT}, #{dictTitle,jdbcType=VARCHAR}, #{dictDesc,jdbcType=VARCHAR}, 
      #{dictType,jdbcType=CHAR}, #{status,jdbcType=CHAR})
  </insert>
  <insert id="insertSelective" parameterType="com.we.p2p.admin.entity.FrmDataDict" >
    <!--
      WARNING - @mbggenerated
      This element is automatically generated by MyBatis Generator, do not modify.
      This element was generated on Mon Jun 17 17:58:45 GMT+08:00 2013.
    -->
    insert into frm_data_dict
    <trim prefix="(" suffix=")" suffixOverrides="," >
      <if test="dictId != null" >
        DICT_ID,
      </if>
      <if test="dictTitle != null" >
        DICT_TITLE,
      </if>
      <if test="dictDesc != null" >
        DICT_DESC,
      </if>
      <if test="dictType != null" >
        DICT_TYPE,
      </if>
      <if test="status != null" >
        STATUS,
      </if>
    </trim>
    <trim prefix="values (" suffix=")" suffixOverrides="," >
      <if test="dictId != null" >
        #{dictId,jdbcType=BIGINT},
      </if>
      <if test="dictTitle != null" >
        #{dictTitle,jdbcType=VARCHAR},
      </if>
      <if test="dictDesc != null" >
        #{dictDesc,jdbcType=VARCHAR},
      </if>
      <if test="dictType != null" >
        #{dictType,jdbcType=CHAR},
      </if>
      <if test="status != null" >
        #{status,jdbcType=CHAR},
      </if>
    </trim>
  </insert>
  <select id="countByExample" parameterType="com.we.p2p.admin.entity.FrmDataDictExample" resultType="java.lang.Integer" >
    <!--
      WARNING - @mbggenerated
      This element is automatically generated by MyBatis Generator, do not modify.
      This element was generated on Mon Jun 17 17:58:45 GMT+08:00 2013.
    -->
    select count(*) from frm_data_dict
    <if test="_parameter != null" >
      <include refid="Example_Where_Clause" />
    </if>
  </select>
  <update id="updateByExampleSelective" parameterType="map" >
    <!--
      WARNING - @mbggenerated
      This element is automatically generated by MyBatis Generator, do not modify.
      This element was generated on Mon Jun 17 17:58:45 GMT+08:00 2013.
    -->
    update frm_data_dict
    <set >
      <if test="record.dictId != null" >
        DICT_ID = #{record.dictId,jdbcType=BIGINT},
      </if>
      <if test="record.dictTitle != null" >
        DICT_TITLE = #{record.dictTitle,jdbcType=VARCHAR},
      </if>
      <if test="record.dictDesc != null" >
        DICT_DESC = #{record.dictDesc,jdbcType=VARCHAR},
      </if>
      <if test="record.dictType != null" >
        DICT_TYPE = #{record.dictType,jdbcType=CHAR},
      </if>
      <if test="record.status != null" >
        STATUS = #{record.status,jdbcType=CHAR},
      </if>
    </set>
    <if test="_parameter != null" >
      <include refid="Update_By_Example_Where_Clause" />
    </if>
  </update>
  <update id="updateByExample" parameterType="map" >
    <!--
      WARNING - @mbggenerated
      This element is automatically generated by MyBatis Generator, do not modify.
      This element was generated on Mon Jun 17 17:58:45 GMT+08:00 2013.
    -->
    update frm_data_dict
    set DICT_ID = #{record.dictId,jdbcType=BIGINT},
      DICT_TITLE = #{record.dictTitle,jdbcType=VARCHAR},
      DICT_DESC = #{record.dictDesc,jdbcType=VARCHAR},
      DICT_TYPE = #{record.dictType,jdbcType=CHAR},
      STATUS = #{record.status,jdbcType=CHAR}
    <if test="_parameter != null" >
      <include refid="Update_By_Example_Where_Clause" />
    </if>
  </update>
  <update id="updateByPrimaryKeySelective" parameterType="com.we.p2p.admin.entity.FrmDataDict" >
    <!--
      WARNING - @mbggenerated
      This element is automatically generated by MyBatis Generator, do not modify.
      This element was generated on Mon Jun 17 17:58:45 GMT+08:00 2013.
    -->
    update frm_data_dict
    <set >
      <if test="dictTitle != null" >
        DICT_TITLE = #{dictTitle,jdbcType=VARCHAR},
      </if>
      <if test="dictDesc != null" >
        DICT_DESC = #{dictDesc,jdbcType=VARCHAR},
      </if>
      <if test="dictType != null" >
        DICT_TYPE = #{dictType,jdbcType=CHAR},
      </if>
      <if test="status != null" >
        STATUS = #{status,jdbcType=CHAR},
      </if>
    </set>
    where DICT_ID = #{dictId,jdbcType=BIGINT}
  </update>
  <update id="updateByPrimaryKey" parameterType="com.we.p2p.admin.entity.FrmDataDict" >
    <!--
      WARNING - @mbggenerated
      This element is automatically generated by MyBatis Generator, do not modify.
      This element was generated on Mon Jun 17 17:58:45 GMT+08:00 2013.
    -->
    update frm_data_dict
    set DICT_TITLE = #{dictTitle,jdbcType=VARCHAR},
      DICT_DESC = #{dictDesc,jdbcType=VARCHAR},
      DICT_TYPE = #{dictType,jdbcType=CHAR},
      STATUS = #{status,jdbcType=CHAR}
    where DICT_ID = #{dictId,jdbcType=BIGINT}
  </update>
</mapper>