<?xml version="1.0" encoding="UTF-8" ?>
<!DOCTYPE mapper PUBLIC "-//mybatis.org//DTD Mapper 3.0//EN" "http://mybatis.org/dtd/mybatis-3-mapper.dtd" >
<mapper namespace="com.we.p2p.admin.dao.FrmHolidayInfoMapper" >
  <resultMap id="BaseResultMap" type="com.we.p2p.admin.entity.FrmHolidayInfo" >
    <!--
      WARNING - @mbggenerated
      This element is automatically generated by MyBatis Generator, do not modify.
      This element was generated on Mon Aug 12 10:54:56 CST 2013.
    -->
    <id column="HOLIDAY_ID" property="holidayId" jdbcType="BIGINT" />
    <result column="HOLIDAY" property="holiday" jdbcType="VARCHAR" />
    <result column="HOLIDAY_TYPE" property="holidayType" jdbcType="CHAR" />
    <result column="OPER_ID" property="operId" jdbcType="BIGINT" />
    <result column="OP_DATE" property="opDate" jdbcType="TIMESTAMP" />
  </resultMap>
  <sql id="Example_Where_Clause" >
    <!--
      WARNING - @mbggenerated
      This element is automatically generated by MyBatis Generator, do not modify.
      This element was generated on Mon Aug 12 10:54:56 CST 2013.
    -->
    <where >
      <foreach collection="oredCriteria" item="criteria" separator="or" >
        <if test="criteria.valid" >
          <trim prefix="(" suffix=")" prefixOverrides="and" >
            <foreach collection="criteria.criteria" item="criterion" >
              <choose >
                <when test="criterion.noValue" >
                  and ${criterion.condition}
                </when>
                <when test="criterion.singleValue" >
                  and ${criterion.condition} #{criterion.value}
                </when>
                <when test="criterion.betweenValue" >
                  and ${criterion.condition} #{criterion.value} and #{criterion.secondValue}
                </when>
                <when test="criterion.listValue" >
                  and ${criterion.condition}
                  <foreach collection="criterion.value" item="listItem" open="(" close=")" separator="," >
                    #{listItem}
                  </foreach>
                </when>
              </choose>
            </foreach>
          </trim>
        </if>
      </foreach>
    </where>
  </sql>
  <sql id="Update_By_Example_Where_Clause" >
    <!--
      WARNING - @mbggenerated
      This element is automatically generated by MyBatis Generator, do not modify.
      This element was generated on Mon Aug 12 10:54:56 CST 2013.
    -->
    <where >
      <foreach collection="example.oredCriteria" item="criteria" separator="or" >
        <if test="criteria.valid" >
          <trim prefix="(" suffix=")" prefixOverrides="and" >
            <foreach collection="criteria.criteria" item="criterion" >
              <choose >
                <when test="criterion.noValue" >
                  and ${criterion.condition}
                </when>
                <when test="criterion.singleValue" >
                  and ${criterion.condition} #{criterion.value}
                </when>
                <when test="criterion.betweenValue" >
                  and ${criterion.condition} #{criterion.value} and #{criterion.secondValue}
                </when>
                <when test="criterion.listValue" >
                  and ${criterion.condition}
                  <foreach collection="criterion.value" item="listItem" open="(" close=")" separator="," >
                    #{listItem}
                  </foreach>
                </when>
              </choose>
            </foreach>
          </trim>
        </if>
      </foreach>
    </where>
  </sql>
  <sql id="Base_Column_List" >
    <!--
      WARNING - @mbggenerated
      This element is automatically generated by MyBatis Generator, do not modify.
      This element was generated on Mon Aug 12 10:54:56 CST 2013.
    -->
    HOLIDAY_ID, HOLIDAY, HOLIDAY_TYPE, OPER_ID, OP_DATE
  </sql>
  <select id="selectByExample" resultMap="BaseResultMap" parameterType="com.we.p2p.admin.entity.FrmHolidayInfoExample" >
    <!--
      WARNING - @mbggenerated
      This element is automatically generated by MyBatis Generator, do not modify.
      This element was generated on Mon Aug 12 10:54:56 CST 2013.
    -->
    select
    <if test="distinct" >
      distinct
    </if>
    <include refid="Base_Column_List" />
    from frm_holiday_info
    <if test="_parameter != null" >
      <include refid="Example_Where_Clause" />
    </if>
    <if test="orderByClause != null" >
      order by ${orderByClause}
    </if>
  </select>
  <select id="selectByPrimaryKey" resultMap="BaseResultMap" parameterType="java.lang.Long" >
    <!--
      WARNING - @mbggenerated
      This element is automatically generated by MyBatis Generator, do not modify.
      This element was generated on Mon Aug 12 10:54:56 CST 2013.
    -->
    select 
    <include refid="Base_Column_List" />
    from frm_holiday_info
    where HOLIDAY_ID = #{holidayId,jdbcType=BIGINT}
  </select>
  <delete id="deleteByPrimaryKey" parameterType="java.lang.Long" >
    <!--
      WARNING - @mbggenerated
      This element is automatically generated by MyBatis Generator, do not modify.
      This element was generated on Mon Aug 12 10:54:56 CST 2013.
    -->
    delete from frm_holiday_info
    where HOLIDAY_ID = #{holidayId,jdbcType=BIGINT}
  </delete>
  <delete id="deleteByExample" parameterType="com.we.p2p.admin.entity.FrmHolidayInfoExample" >
    <!--
      WARNING - @mbggenerated
      This element is automatically generated by MyBatis Generator, do not modify.
      This element was generated on Mon Aug 12 10:54:56 CST 2013.
    -->
    delete from frm_holiday_info
    <if test="_parameter != null" >
      <include refid="Example_Where_Clause" />
    </if>
  </delete>
  <insert id="insert" parameterType="com.we.p2p.admin.entity.FrmHolidayInfo" >
    <!--
      WARNING - @mbggenerated
      This element is automatically generated by MyBatis Generator, do not modify.
      This element was generated on Mon Aug 12 10:54:56 CST 2013.
    -->
    insert into frm_holiday_info (HOLIDAY_ID, HOLIDAY, HOLIDAY_TYPE, 
      OPER_ID, OP_DATE)
    values (#{holidayId,jdbcType=BIGINT}, #{holiday,jdbcType=VARCHAR}, #{holidayType,jdbcType=CHAR}, 
      #{operId,jdbcType=BIGINT}, #{opDate,jdbcType=TIMESTAMP})
  </insert>
  <insert id="insertSelective" parameterType="com.we.p2p.admin.entity.FrmHolidayInfo" >
    <!--
      WARNING - @mbggenerated
      This element is automatically generated by MyBatis Generator, do not modify.
      This element was generated on Mon Aug 12 10:54:56 CST 2013.
    -->
    insert into frm_holiday_info
    <trim prefix="(" suffix=")" suffixOverrides="," >
      <if test="holidayId != null" >
        HOLIDAY_ID,
      </if>
      <if test="holiday != null" >
        HOLIDAY,
      </if>
      <if test="holidayType != null" >
        HOLIDAY_TYPE,
      </if>
      <if test="operId != null" >
        OPER_ID,
      </if>
      <if test="opDate != null" >
        OP_DATE,
      </if>
    </trim>
    <trim prefix="values (" suffix=")" suffixOverrides="," >
      <if test="holidayId != null" >
        #{holidayId,jdbcType=BIGINT},
      </if>
      <if test="holiday != null" >
        #{holiday,jdbcType=VARCHAR},
      </if>
      <if test="holidayType != null" >
        #{holidayType,jdbcType=CHAR},
      </if>
      <if test="operId != null" >
        #{operId,jdbcType=BIGINT},
      </if>
      <if test="opDate != null" >
        #{opDate,jdbcType=TIMESTAMP},
      </if>
    </trim>
  </insert>
  <select id="countByExample" parameterType="com.we.p2p.admin.entity.FrmHolidayInfoExample" resultType="java.lang.Integer" >
    <!--
      WARNING - @mbggenerated
      This element is automatically generated by MyBatis Generator, do not modify.
      This element was generated on Mon Aug 12 10:54:56 CST 2013.
    -->
    select count(*) from frm_holiday_info
    <if test="_parameter != null" >
      <include refid="Example_Where_Clause" />
    </if>
  </select>
  <update id="updateByExampleSelective" parameterType="map" >
    <!--
      WARNING - @mbggenerated
      This element is automatically generated by MyBatis Generator, do not modify.
      This element was generated on Mon Aug 12 10:54:56 CST 2013.
    -->
    update frm_holiday_info
    <set >
      <if test="record.holidayId != null" >
        HOLIDAY_ID = #{record.holidayId,jdbcType=BIGINT},
      </if>
      <if test="record.holiday != null" >
        HOLIDAY = #{record.holiday,jdbcType=VARCHAR},
      </if>
      <if test="record.holidayType != null" >
        HOLIDAY_TYPE = #{record.holidayType,jdbcType=CHAR},
      </if>
      <if test="record.operId != null" >
        OPER_ID = #{record.operId,jdbcType=BIGINT},
      </if>
      <if test="record.opDate != null" >
        OP_DATE = #{record.opDate,jdbcType=TIMESTAMP},
      </if>
    </set>
    <if test="_parameter != null" >
      <include refid="Update_By_Example_Where_Clause" />
    </if>
  </update>
  <update id="updateByExample" parameterType="map" >
    <!--
      WARNING - @mbggenerated
      This element is automatically generated by MyBatis Generator, do not modify.
      This element was generated on Mon Aug 12 10:54:56 CST 2013.
    -->
    update frm_holiday_info
    set HOLIDAY_ID = #{record.holidayId,jdbcType=BIGINT},
      HOLIDAY = #{record.holiday,jdbcType=VARCHAR},
      HOLIDAY_TYPE = #{record.holidayType,jdbcType=CHAR},
      OPER_ID = #{record.operId,jdbcType=BIGINT},
      OP_DATE = #{record.opDate,jdbcType=TIMESTAMP}
    <if test="_parameter != null" >
      <include refid="Update_By_Example_Where_Clause" />
    </if>
  </update>
  <update id="updateByPrimaryKeySelective" parameterType="com.we.p2p.admin.entity.FrmHolidayInfo" >
    <!--
      WARNING - @mbggenerated
      This element is automatically generated by MyBatis Generator, do not modify.
      This element was generated on Mon Aug 12 10:54:56 CST 2013.
    -->
    update frm_holiday_info
    <set >
      <if test="holiday != null" >
        HOLIDAY = #{holiday,jdbcType=VARCHAR},
      </if>
      <if test="holidayType != null" >
        HOLIDAY_TYPE = #{holidayType,jdbcType=CHAR},
      </if>
      <if test="operId != null" >
        OPER_ID = #{operId,jdbcType=BIGINT},
      </if>
      <if test="opDate != null" >
        OP_DATE = #{opDate,jdbcType=TIMESTAMP},
      </if>
    </set>
    where HOLIDAY_ID = #{holidayId,jdbcType=BIGINT}
  </update>
  <update id="updateByPrimaryKey" parameterType="com.we.p2p.admin.entity.FrmHolidayInfo" >
    <!--
      WARNING - @mbggenerated
      This element is automatically generated by MyBatis Generator, do not modify.
      This element was generated on Mon Aug 12 10:54:56 CST 2013.
    -->
    update frm_holiday_info
    set HOLIDAY = #{holiday,jdbcType=VARCHAR},
      HOLIDAY_TYPE = #{holidayType,jdbcType=CHAR},
      OPER_ID = #{operId,jdbcType=BIGINT},
      OP_DATE = #{opDate,jdbcType=TIMESTAMP}
    where HOLIDAY_ID = #{holidayId,jdbcType=BIGINT}
  </update>
</mapper>