<?xml version="1.0" encoding="UTF-8"?>
<!DOCTYPE mapper PUBLIC "-//mybatis.org//DTD Mapper 3.0//EN" "http://mybatis.org/dtd/mybatis-3-mapper.dtd">
<mapper namespace="com.we.p2p.admin.dao.FrmSysDeptMapper">
  <resultMap id="BaseResultMap" type="com.we.p2p.admin.entity.FrmSysDept">
    <!--
      WARNING - @mbggenerated
      This element is automatically generated by MyBatis Generator, do not modify.
      This element was generated on Tue Jul 09 15:50:18 CST 2013.
    -->
    <id column="DEPT_ID" jdbcType="BIGINT" property="deptId" />
    <result column="DEPT_CODE" jdbcType="VARCHAR" property="deptCode" />
    <result column="DEPT_NAME" jdbcType="VARCHAR" property="deptName" />
    <result column="DEPT_REGION" jdbcType="VARCHAR" property="deptRegion" />
    <result column="CREATOR" jdbcType="BIGINT" property="creator" />
    <result column="CREATE_TIME" jdbcType="TIMESTAMP" property="createTime" />
  </resultMap>
  <sql id="Example_Where_Clause">
    <!--
      WARNING - @mbggenerated
      This element is automatically generated by MyBatis Generator, do not modify.
      This element was generated on Tue Jul 09 15:50:18 CST 2013.
    -->
    <where>
      <foreach collection="oredCriteria" item="criteria" separator="or">
        <if test="criteria.valid">
          <trim prefix="(" prefixOverrides="and" suffix=")">
            <foreach collection="criteria.criteria" item="criterion">
              <choose>
                <when test="criterion.noValue">
                  and ${criterion.condition}
                </when>
                <when test="criterion.singleValue">
                  and ${criterion.condition} #{criterion.value}
                </when>
                <when test="criterion.betweenValue">
                  and ${criterion.condition} #{criterion.value} and #{criterion.secondValue}
                </when>
                <when test="criterion.listValue">
                  and ${criterion.condition}
                  <foreach close=")" collection="criterion.value" item="listItem" open="(" separator=",">
                    #{listItem}
                  </foreach>
                </when>
              </choose>
            </foreach>
          </trim>
        </if>
      </foreach>
    </where>
  </sql>
  <sql id="Update_By_Example_Where_Clause">
    <!--
      WARNING - @mbggenerated
      This element is automatically generated by MyBatis Generator, do not modify.
      This element was generated on Tue Jul 09 15:50:18 CST 2013.
    -->
    <where>
      <foreach collection="example.oredCriteria" item="criteria" separator="or">
        <if test="criteria.valid">
          <trim prefix="(" prefixOverrides="and" suffix=")">
            <foreach collection="criteria.criteria" item="criterion">
              <choose>
                <when test="criterion.noValue">
                  and ${criterion.condition}
                </when>
                <when test="criterion.singleValue">
                  and ${criterion.condition} #{criterion.value}
                </when>
                <when test="criterion.betweenValue">
                  and ${criterion.condition} #{criterion.value} and #{criterion.secondValue}
                </when>
                <when test="criterion.listValue">
                  and ${criterion.condition}
                  <foreach close=")" collection="criterion.value" item="listItem" open="(" separator=",">
                    #{listItem}
                  </foreach>
                </when>
              </choose>
            </foreach>
          </trim>
        </if>
      </foreach>
    </where>
  </sql>
  <sql id="Base_Column_List">
    <!--
      WARNING - @mbggenerated
      This element is automatically generated by MyBatis Generator, do not modify.
      This element was generated on Tue Jul 09 15:50:18 CST 2013.
    -->
    DEPT_ID, DEPT_CODE, DEPT_NAME, DEPT_REGION, CREATOR, CREATE_TIME
  </sql>
  <select id="selectByExample" parameterType="com.we.p2p.admin.entity.FrmSysDeptExample" resultMap="BaseResultMap">
    <!--
      WARNING - @mbggenerated
      This element is automatically generated by MyBatis Generator, do not modify.
      This element was generated on Tue Jul 09 15:50:18 CST 2013.
    -->
    select
    <if test="distinct">
      distinct
    </if>
    <include refid="Base_Column_List" />
    from frm_sys_dept
    <if test="_parameter != null">
      <include refid="Example_Where_Clause" />
    </if>
    <if test="orderByClause != null">
      order by ${orderByClause}
    </if>
  </select>
  <select id="selectByPrimaryKey" parameterType="java.lang.Long" resultMap="BaseResultMap">
    <!--
      WARNING - @mbggenerated
      This element is automatically generated by MyBatis Generator, do not modify.
      This element was generated on Tue Jul 09 15:50:18 CST 2013.
    -->
    select 
    <include refid="Base_Column_List" />
    from frm_sys_dept
    where DEPT_ID = #{deptId,jdbcType=BIGINT}
  </select>
  <delete id="deleteByPrimaryKey" parameterType="java.lang.Long">
    <!--
      WARNING - @mbggenerated
      This element is automatically generated by MyBatis Generator, do not modify.
      This element was generated on Tue Jul 09 15:50:18 CST 2013.
    -->
    delete from frm_sys_dept
    where DEPT_ID = #{deptId,jdbcType=BIGINT}
  </delete>
  <delete id="deleteByExample" parameterType="com.we.p2p.admin.entity.FrmSysDeptExample">
    <!--
      WARNING - @mbggenerated
      This element is automatically generated by MyBatis Generator, do not modify.
      This element was generated on Tue Jul 09 15:50:18 CST 2013.
    -->
    delete from frm_sys_dept
    <if test="_parameter != null">
      <include refid="Example_Where_Clause" />
    </if>
  </delete>
  <insert id="insert" parameterType="com.we.p2p.admin.entity.FrmSysDept">
    <!--
      WARNING - @mbggenerated
      This element is automatically generated by MyBatis Generator, do not modify.
      This element was generated on Tue Jul 09 15:50:18 CST 2013.
    -->
    insert into frm_sys_dept (DEPT_ID, DEPT_CODE, DEPT_NAME, 
      DEPT_REGION, CREATOR, CREATE_TIME
      )
    values (#{deptId,jdbcType=BIGINT}, #{deptCode,jdbcType=VARCHAR}, #{deptName,jdbcType=VARCHAR}, 
      #{deptRegion,jdbcType=VARCHAR}, #{creator,jdbcType=BIGINT}, #{createTime,jdbcType=TIMESTAMP}
      )
  </insert>
  <insert id="insertSelective" parameterType="com.we.p2p.admin.entity.FrmSysDept">
    <!--
      WARNING - @mbggenerated
      This element is automatically generated by MyBatis Generator, do not modify.
      This element was generated on Tue Jul 09 15:50:18 CST 2013.
    -->
    insert into frm_sys_dept
    <trim prefix="(" suffix=")" suffixOverrides=",">
      <if test="deptId != null">
        DEPT_ID,
      </if>
      <if test="deptCode != null">
        DEPT_CODE,
      </if>
      <if test="deptName != null">
        DEPT_NAME,
      </if>
      <if test="deptRegion != null">
        DEPT_REGION,
      </if>
      <if test="creator != null">
        CREATOR,
      </if>
      <if test="createTime != null">
        CREATE_TIME,
      </if>
    </trim>
    <trim prefix="values (" suffix=")" suffixOverrides=",">
      <if test="deptId != null">
        #{deptId,jdbcType=BIGINT},
      </if>
      <if test="deptCode != null">
        #{deptCode,jdbcType=VARCHAR},
      </if>
      <if test="deptName != null">
        #{deptName,jdbcType=VARCHAR},
      </if>
      <if test="deptRegion != null">
        #{deptRegion,jdbcType=VARCHAR},
      </if>
      <if test="creator != null">
        #{creator,jdbcType=BIGINT},
      </if>
      <if test="createTime != null">
        #{createTime,jdbcType=TIMESTAMP},
      </if>
    </trim>
  </insert>
  <select id="countByExample" parameterType="com.we.p2p.admin.entity.FrmSysDeptExample" resultType="java.lang.Integer">
    <!--
      WARNING - @mbggenerated
      This element is automatically generated by MyBatis Generator, do not modify.
      This element was generated on Tue Jul 09 15:50:18 CST 2013.
    -->
    select count(*) from frm_sys_dept
    <if test="_parameter != null">
      <include refid="Example_Where_Clause" />
    </if>
  </select>
  <update id="updateByExampleSelective" parameterType="map">
    <!--
      WARNING - @mbggenerated
      This element is automatically generated by MyBatis Generator, do not modify.
      This element was generated on Tue Jul 09 15:50:18 CST 2013.
    -->
    update frm_sys_dept
    <set>
      <if test="record.deptId != null">
        DEPT_ID = #{record.deptId,jdbcType=BIGINT},
      </if>
      <if test="record.deptCode != null">
        DEPT_CODE = #{record.deptCode,jdbcType=VARCHAR},
      </if>
      <if test="record.deptName != null">
        DEPT_NAME = #{record.deptName,jdbcType=VARCHAR},
      </if>
      <if test="record.deptRegion != null">
        DEPT_REGION = #{record.deptRegion,jdbcType=VARCHAR},
      </if>
      <if test="record.creator != null">
        CREATOR = #{record.creator,jdbcType=BIGINT},
      </if>
      <if test="record.createTime != null">
        CREATE_TIME = #{record.createTime,jdbcType=TIMESTAMP},
      </if>
    </set>
    <if test="_parameter != null">
      <include refid="Update_By_Example_Where_Clause" />
    </if>
  </update>
  <update id="updateByExample" parameterType="map">
    <!--
      WARNING - @mbggenerated
      This element is automatically generated by MyBatis Generator, do not modify.
      This element was generated on Tue Jul 09 15:50:18 CST 2013.
    -->
    update frm_sys_dept
    set DEPT_ID = #{record.deptId,jdbcType=BIGINT},
      DEPT_CODE = #{record.deptCode,jdbcType=VARCHAR},
      DEPT_NAME = #{record.deptName,jdbcType=VARCHAR},
      DEPT_REGION = #{record.deptRegion,jdbcType=VARCHAR},
      CREATOR = #{record.creator,jdbcType=BIGINT},
      CREATE_TIME = #{record.createTime,jdbcType=TIMESTAMP}
    <if test="_parameter != null">
      <include refid="Update_By_Example_Where_Clause" />
    </if>
  </update>
  <update id="updateByPrimaryKeySelective" parameterType="com.we.p2p.admin.entity.FrmSysDept">
    <!--
      WARNING - @mbggenerated
      This element is automatically generated by MyBatis Generator, do not modify.
      This element was generated on Tue Jul 09 15:50:18 CST 2013.
    -->
    update frm_sys_dept
    <set>
      <if test="deptCode != null">
        DEPT_CODE = #{deptCode,jdbcType=VARCHAR},
      </if>
      <if test="deptName != null">
        DEPT_NAME = #{deptName,jdbcType=VARCHAR},
      </if>
      <if test="deptRegion != null">
        DEPT_REGION = #{deptRegion,jdbcType=VARCHAR},
      </if>
      <if test="creator != null">
        CREATOR = #{creator,jdbcType=BIGINT},
      </if>
      <if test="createTime != null">
        CREATE_TIME = #{createTime,jdbcType=TIMESTAMP},
      </if>
    </set>
    where DEPT_ID = #{deptId,jdbcType=BIGINT}
  </update>
  <update id="updateByPrimaryKey" parameterType="com.we.p2p.admin.entity.FrmSysDept">
    <!--
      WARNING - @mbggenerated
      This element is automatically generated by MyBatis Generator, do not modify.
      This element was generated on Tue Jul 09 15:50:18 CST 2013.
    -->
    update frm_sys_dept
    set DEPT_CODE = #{deptCode,jdbcType=VARCHAR},
      DEPT_NAME = #{deptName,jdbcType=VARCHAR},
      DEPT_REGION = #{deptRegion,jdbcType=VARCHAR},
      CREATOR = #{creator,jdbcType=BIGINT},
      CREATE_TIME = #{createTime,jdbcType=TIMESTAMP}
    where DEPT_ID = #{deptId,jdbcType=BIGINT}
  </update>
</mapper>