<?xml version="1.0" encoding="UTF-8"?>
<!DOCTYPE mapper PUBLIC "-//mybatis.org//DTD Mapper 3.0//EN" "http://mybatis.org/dtd/mybatis-3-mapper.dtd">
<mapper namespace="com.we.p2p.admin.dao.FrmSysUserMapper">
  <resultMap id="BaseResultMap" type="com.we.p2p.admin.entity.FrmSysUser">
    <!--
      WARNING - @mbggenerated
      This element is automatically generated by MyBatis Generator, do not modify.
      This element was generated on Mon Jun 24 14:41:44 CST 2013.
    -->
    <id column="USER_ID" jdbcType="BIGINT" property="userId" />
    <result column="NAME" jdbcType="VARCHAR" property="name" />
    <result column="DESCRIPTION" jdbcType="VARCHAR" property="description" />
    <result column="DEPT_ID" jdbcType="BIGINT" property="deptId" />
    <result column="LOGIN_ID" jdbcType="VARCHAR" property="loginId" />
    <result column="PASSWORD" jdbcType="VARCHAR" property="password" />
    <result column="ROLE_ID" jdbcType="BIGINT" property="roleId" />
    <result column="STATUS" jdbcType="CHAR" property="status" />
    <result column="CREATED" jdbcType="TIMESTAMP" property="created" />
    <result column="LAST_LOGIN" jdbcType="TIMESTAMP" property="lastLogin" />
    <result column="LAST_LOGIP" jdbcType="VARCHAR" property="lastLogip" />
    <result column="PASS_INVALID_DATE" jdbcType="TIMESTAMP" property="passInvalidDate" />
    <result column="PASS_ERR_COUNT" jdbcType="INTEGER" property="passErrCount" />
  </resultMap>
  <sql id="Example_Where_Clause">
    <!--
      WARNING - @mbggenerated
      This element is automatically generated by MyBatis Generator, do not modify.
      This element was generated on Mon Jun 24 14:41:44 CST 2013.
    -->
    <where>
      <foreach collection="oredCriteria" item="criteria" separator="or">
        <if test="criteria.valid">
          <trim prefix="(" prefixOverrides="and" suffix=")">
            <foreach collection="criteria.criteria" item="criterion">
              <choose>
                <when test="criterion.noValue">
                  and ${criterion.condition}
                </when>
                <when test="criterion.singleValue">
                  and ${criterion.condition} #{criterion.value}
                </when>
                <when test="criterion.betweenValue">
                  and ${criterion.condition} #{criterion.value} and #{criterion.secondValue}
                </when>
                <when test="criterion.listValue">
                  and ${criterion.condition}
                  <foreach close=")" collection="criterion.value" item="listItem" open="(" separator=",">
                    #{listItem}
                  </foreach>
                </when>
              </choose>
            </foreach>
          </trim>
        </if>
      </foreach>
    </where>
  </sql>
  <sql id="Update_By_Example_Where_Clause">
    <!--
      WARNING - @mbggenerated
      This element is automatically generated by MyBatis Generator, do not modify.
      This element was generated on Mon Jun 24 14:41:44 CST 2013.
    -->
    <where>
      <foreach collection="example.oredCriteria" item="criteria" separator="or">
        <if test="criteria.valid">
          <trim prefix="(" prefixOverrides="and" suffix=")">
            <foreach collection="criteria.criteria" item="criterion">
              <choose>
                <when test="criterion.noValue">
                  and ${criterion.condition}
                </when>
                <when test="criterion.singleValue">
                  and ${criterion.condition} #{criterion.value}
                </when>
                <when test="criterion.betweenValue">
                  and ${criterion.condition} #{criterion.value} and #{criterion.secondValue}
                </when>
                <when test="criterion.listValue">
                  and ${criterion.condition}
                  <foreach close=")" collection="criterion.value" item="listItem" open="(" separator=",">
                    #{listItem}
                  </foreach>
                </when>
              </choose>
            </foreach>
          </trim>
        </if>
      </foreach>
    </where>
  </sql>
  <sql id="Base_Column_List">
    <!--
      WARNING - @mbggenerated
      This element is automatically generated by MyBatis Generator, do not modify.
      This element was generated on Mon Jun 24 14:41:44 CST 2013.
    -->
    USER_ID, NAME, DESCRIPTION, DEPT_ID, LOGIN_ID, PASSWORD, ROLE_ID, STATUS, CREATED, 
    LAST_LOGIN, LAST_LOGIP, PASS_INVALID_DATE, PASS_ERR_COUNT
  </sql>
  <select id="selectByExample" parameterType="com.we.p2p.admin.entity.FrmSysUserExample" resultMap="BaseResultMap">
    <!--
      WARNING - @mbggenerated
      This element is automatically generated by MyBatis Generator, do not modify.
      This element was generated on Mon Jun 24 14:41:44 CST 2013.
    -->
    select
    <if test="distinct">
      distinct
    </if>
    <include refid="Base_Column_List" />
    from frm_sys_user
    <if test="_parameter != null">
      <include refid="Example_Where_Clause" />
    </if>
    <if test="orderByClause != null">
      order by ${orderByClause}
    </if>
  </select>
  <select id="selectByPrimaryKey" parameterType="java.lang.Long" resultMap="BaseResultMap">
    <!--
      WARNING - @mbggenerated
      This element is automatically generated by MyBatis Generator, do not modify.
      This element was generated on Mon Jun 24 14:41:44 CST 2013.
    -->
    select 
    <include refid="Base_Column_List" />
    from frm_sys_user
    where USER_ID = #{userId,jdbcType=BIGINT}
  </select>
  <delete id="deleteByPrimaryKey" parameterType="java.lang.Long">
    <!--
      WARNING - @mbggenerated
      This element is automatically generated by MyBatis Generator, do not modify.
      This element was generated on Mon Jun 24 14:41:44 CST 2013.
    -->
    delete from frm_sys_user
    where USER_ID = #{userId,jdbcType=BIGINT}
  </delete>
  <delete id="deleteByExample" parameterType="com.we.p2p.admin.entity.FrmSysUserExample">
    <!--
      WARNING - @mbggenerated
      This element is automatically generated by MyBatis Generator, do not modify.
      This element was generated on Mon Jun 24 14:41:44 CST 2013.
    -->
    delete from frm_sys_user
    <if test="_parameter != null">
      <include refid="Example_Where_Clause" />
    </if>
  </delete>
  <insert id="insert" parameterType="com.we.p2p.admin.entity.FrmSysUser">
    <!--
      WARNING - @mbggenerated
      This element is automatically generated by MyBatis Generator, do not modify.
      This element was generated on Mon Jun 24 14:41:44 CST 2013.
    -->
    insert into frm_sys_user (USER_ID, NAME, DESCRIPTION, 
      DEPT_ID, LOGIN_ID, PASSWORD, 
      ROLE_ID, STATUS, CREATED, 
      LAST_LOGIN, LAST_LOGIP, PASS_INVALID_DATE, 
      PASS_ERR_COUNT)
    values (#{userId,jdbcType=BIGINT}, #{name,jdbcType=VARCHAR}, #{description,jdbcType=VARCHAR}, 
      #{deptId,jdbcType=BIGINT}, #{loginId,jdbcType=VARCHAR}, #{password,jdbcType=VARCHAR}, 
      #{roleId,jdbcType=BIGINT}, #{status,jdbcType=CHAR}, #{created,jdbcType=TIMESTAMP}, 
      #{lastLogin,jdbcType=TIMESTAMP}, #{lastLogip,jdbcType=VARCHAR}, #{passInvalidDate,jdbcType=TIMESTAMP}, 
      #{passErrCount,jdbcType=INTEGER})
  </insert>
  <insert id="insertSelective" parameterType="com.we.p2p.admin.entity.FrmSysUser">
    <!--
      WARNING - @mbggenerated
      This element is automatically generated by MyBatis Generator, do not modify.
      This element was generated on Mon Jun 24 14:41:44 CST 2013.
    -->
    insert into frm_sys_user
    <trim prefix="(" suffix=")" suffixOverrides=",">
      <if test="userId != null">
        USER_ID,
      </if>
      <if test="name != null">
        NAME,
      </if>
      <if test="description != null">
        DESCRIPTION,
      </if>
      <if test="deptId != null">
        DEPT_ID,
      </if>
      <if test="loginId != null">
        LOGIN_ID,
      </if>
      <if test="password != null">
        PASSWORD,
      </if>
      <if test="roleId != null">
        ROLE_ID,
      </if>
      <if test="status != null">
        STATUS,
      </if>
      <if test="created != null">
        CREATED,
      </if>
      <if test="lastLogin != null">
        LAST_LOGIN,
      </if>
      <if test="lastLogip != null">
        LAST_LOGIP,
      </if>
      <if test="passInvalidDate != null">
        PASS_INVALID_DATE,
      </if>
      <if test="passErrCount != null">
        PASS_ERR_COUNT,
      </if>
    </trim>
    <trim prefix="values (" suffix=")" suffixOverrides=",">
      <if test="userId != null">
        #{userId,jdbcType=BIGINT},
      </if>
      <if test="name != null">
        #{name,jdbcType=VARCHAR},
      </if>
      <if test="description != null">
        #{description,jdbcType=VARCHAR},
      </if>
      <if test="deptId != null">
        #{deptId,jdbcType=BIGINT},
      </if>
      <if test="loginId != null">
        #{loginId,jdbcType=VARCHAR},
      </if>
      <if test="password != null">
        #{password,jdbcType=VARCHAR},
      </if>
      <if test="roleId != null">
        #{roleId,jdbcType=BIGINT},
      </if>
      <if test="status != null">
        #{status,jdbcType=CHAR},
      </if>
      <if test="created != null">
        #{created,jdbcType=TIMESTAMP},
      </if>
      <if test="lastLogin != null">
        #{lastLogin,jdbcType=TIMESTAMP},
      </if>
      <if test="lastLogip != null">
        #{lastLogip,jdbcType=VARCHAR},
      </if>
      <if test="passInvalidDate != null">
        #{passInvalidDate,jdbcType=TIMESTAMP},
      </if>
      <if test="passErrCount != null">
        #{passErrCount,jdbcType=INTEGER},
      </if>
    </trim>
  </insert>
  <select id="countByExample" parameterType="com.we.p2p.admin.entity.FrmSysUserExample" resultType="java.lang.Integer">
    <!--
      WARNING - @mbggenerated
      This element is automatically generated by MyBatis Generator, do not modify.
      This element was generated on Mon Jun 24 14:41:44 CST 2013.
    -->
    select count(*) from frm_sys_user
    <if test="_parameter != null">
      <include refid="Example_Where_Clause" />
    </if>
  </select>
  <update id="updateByExampleSelective" parameterType="map">
    <!--
      WARNING - @mbggenerated
      This element is automatically generated by MyBatis Generator, do not modify.
      This element was generated on Mon Jun 24 14:41:44 CST 2013.
    -->
    update frm_sys_user
    <set>
      <if test="record.userId != null">
        USER_ID = #{record.userId,jdbcType=BIGINT},
      </if>
      <if test="record.name != null">
        NAME = #{record.name,jdbcType=VARCHAR},
      </if>
      <if test="record.description != null">
        DESCRIPTION = #{record.description,jdbcType=VARCHAR},
      </if>
      <if test="record.deptId != null">
        DEPT_ID = #{record.deptId,jdbcType=BIGINT},
      </if>
      <if test="record.loginId != null">
        LOGIN_ID = #{record.loginId,jdbcType=VARCHAR},
      </if>
      <if test="record.password != null">
        PASSWORD = #{record.password,jdbcType=VARCHAR},
      </if>
      <if test="record.roleId != null">
        ROLE_ID = #{record.roleId,jdbcType=BIGINT},
      </if>
      <if test="record.status != null">
        STATUS = #{record.status,jdbcType=CHAR},
      </if>
      <if test="record.created != null">
        CREATED = #{record.created,jdbcType=TIMESTAMP},
      </if>
      <if test="record.lastLogin != null">
        LAST_LOGIN = #{record.lastLogin,jdbcType=TIMESTAMP},
      </if>
      <if test="record.lastLogip != null">
        LAST_LOGIP = #{record.lastLogip,jdbcType=VARCHAR},
      </if>
      <if test="record.passInvalidDate != null">
        PASS_INVALID_DATE = #{record.passInvalidDate,jdbcType=TIMESTAMP},
      </if>
      <if test="record.passErrCount != null">
        PASS_ERR_COUNT = #{record.passErrCount,jdbcType=INTEGER},
      </if>
    </set>
    <if test="_parameter != null">
      <include refid="Update_By_Example_Where_Clause" />
    </if>
  </update>
  <update id="updateByExample" parameterType="map">
    <!--
      WARNING - @mbggenerated
      This element is automatically generated by MyBatis Generator, do not modify.
      This element was generated on Mon Jun 24 14:41:44 CST 2013.
    -->
    update frm_sys_user
    set USER_ID = #{record.userId,jdbcType=BIGINT},
      NAME = #{record.name,jdbcType=VARCHAR},
      DESCRIPTION = #{record.description,jdbcType=VARCHAR},
      DEPT_ID = #{record.deptId,jdbcType=BIGINT},
      LOGIN_ID = #{record.loginId,jdbcType=VARCHAR},
      PASSWORD = #{record.password,jdbcType=VARCHAR},
      ROLE_ID = #{record.roleId,jdbcType=BIGINT},
      STATUS = #{record.status,jdbcType=CHAR},
      CREATED = #{record.created,jdbcType=TIMESTAMP},
      LAST_LOGIN = #{record.lastLogin,jdbcType=TIMESTAMP},
      LAST_LOGIP = #{record.lastLogip,jdbcType=VARCHAR},
      PASS_INVALID_DATE = #{record.passInvalidDate,jdbcType=TIMESTAMP},
      PASS_ERR_COUNT = #{record.passErrCount,jdbcType=INTEGER}
    <if test="_parameter != null">
      <include refid="Update_By_Example_Where_Clause" />
    </if>
  </update>
  <update id="updateByPrimaryKeySelective" parameterType="com.we.p2p.admin.entity.FrmSysUser">
    <!--
      WARNING - @mbggenerated
      This element is automatically generated by MyBatis Generator, do not modify.
      This element was generated on Mon Jun 24 14:41:44 CST 2013.
    -->
    update frm_sys_user
    <set>
      <if test="name != null">
        NAME = #{name,jdbcType=VARCHAR},
      </if>
      <if test="description != null">
        DESCRIPTION = #{description,jdbcType=VARCHAR},
      </if>
      <if test="deptId != null">
        DEPT_ID = #{deptId,jdbcType=BIGINT},
      </if>
      <if test="loginId != null">
        LOGIN_ID = #{loginId,jdbcType=VARCHAR},
      </if>
      <if test="password != null">
        PASSWORD = #{password,jdbcType=VARCHAR},
      </if>
      <if test="roleId != null">
        ROLE_ID = #{roleId,jdbcType=BIGINT},
      </if>
      <if test="status != null">
        STATUS = #{status,jdbcType=CHAR},
      </if>
      <if test="created != null">
        CREATED = #{created,jdbcType=TIMESTAMP},
      </if>
      <if test="lastLogin != null">
        LAST_LOGIN = #{lastLogin,jdbcType=TIMESTAMP},
      </if>
      <if test="lastLogip != null">
        LAST_LOGIP = #{lastLogip,jdbcType=VARCHAR},
      </if>
      <if test="passInvalidDate != null">
        PASS_INVALID_DATE = #{passInvalidDate,jdbcType=TIMESTAMP},
      </if>
      <if test="passErrCount != null">
        PASS_ERR_COUNT = #{passErrCount,jdbcType=INTEGER},
      </if>
    </set>
    where USER_ID = #{userId,jdbcType=BIGINT}
  </update>
  <update id="updateByPrimaryKey" parameterType="com.we.p2p.admin.entity.FrmSysUser">
    <!--
      WARNING - @mbggenerated
      This element is automatically generated by MyBatis Generator, do not modify.
      This element was generated on Mon Jun 24 14:41:44 CST 2013.
    -->
    update frm_sys_user
    set NAME = #{name,jdbcType=VARCHAR},
      DESCRIPTION = #{description,jdbcType=VARCHAR},
      DEPT_ID = #{deptId,jdbcType=BIGINT},
      LOGIN_ID = #{loginId,jdbcType=VARCHAR},
      PASSWORD = #{password,jdbcType=VARCHAR},
      ROLE_ID = #{roleId,jdbcType=BIGINT},
      STATUS = #{status,jdbcType=CHAR},
      CREATED = #{created,jdbcType=TIMESTAMP},
      LAST_LOGIN = #{lastLogin,jdbcType=TIMESTAMP},
      LAST_LOGIP = #{lastLogip,jdbcType=VARCHAR},
      PASS_INVALID_DATE = #{passInvalidDate,jdbcType=TIMESTAMP},
      PASS_ERR_COUNT = #{passErrCount,jdbcType=INTEGER}
    where USER_ID = #{userId,jdbcType=BIGINT}
  </update>
</mapper>