<?xml version="1.0" encoding="UTF-8" ?>
<!DOCTYPE mapper PUBLIC "-//mybatis.org//DTD Mapper 3.0//EN" "http://mybatis.org/dtd/mybatis-3-mapper.dtd" >
<mapper namespace="com.we.p2p.admin.dao.FrmSysAuthorityMapper" >
  <resultMap id="BaseResultMap" type="com.we.p2p.admin.entity.FrmSysAuthority" >
    <!--
      WARNING - @mbggenerated
      This element is automatically generated by MyBatis Generator, do not modify.
      This element was generated on Wed May 15 13:47:10 GMT+08:00 2013.
    -->
    <id column="AUTH_ID" property="authId" jdbcType="BIGINT" />
    <result column="RESC_ID" property="rescId" jdbcType="BIGINT" />
    <result column="AUTH_CODE" property="authCode" jdbcType="VARCHAR" />
    <result column="AUTH_DESC" property="authDesc" jdbcType="VARCHAR" />
    <result column="CREATOR" property="creator" jdbcType="BIGINT" />
    <result column="CREATE_TIME" property="createTime" jdbcType="TIMESTAMP" />
  </resultMap>
  <sql id="Example_Where_Clause" >
    <!--
      WARNING - @mbggenerated
      This element is automatically generated by MyBatis Generator, do not modify.
      This element was generated on Wed May 15 13:47:10 GMT+08:00 2013.
    -->
    <where >
      <foreach collection="oredCriteria" item="criteria" separator="or" >
        <if test="criteria.valid" >
          <trim prefix="(" suffix=")" prefixOverrides="and" >
            <foreach collection="criteria.criteria" item="criterion" >
              <choose >
                <when test="criterion.noValue" >
                  and ${criterion.condition}
                </when>
                <when test="criterion.singleValue" >
                  and ${criterion.condition} #{criterion.value}
                </when>
                <when test="criterion.betweenValue" >
                  and ${criterion.condition} #{criterion.value} and #{criterion.secondValue}
                </when>
                <when test="criterion.listValue" >
                  and ${criterion.condition}
                  <foreach collection="criterion.value" item="listItem" open="(" close=")" separator="," >
                    #{listItem}
                  </foreach>
                </when>
              </choose>
            </foreach>
          </trim>
        </if>
      </foreach>
    </where>
  </sql>
  <sql id="Update_By_Example_Where_Clause" >
    <!--
      WARNING - @mbggenerated
      This element is automatically generated by MyBatis Generator, do not modify.
      This element was generated on Wed May 15 13:47:10 GMT+08:00 2013.
    -->
    <where >
      <foreach collection="example.oredCriteria" item="criteria" separator="or" >
        <if test="criteria.valid" >
          <trim prefix="(" suffix=")" prefixOverrides="and" >
            <foreach collection="criteria.criteria" item="criterion" >
              <choose >
                <when test="criterion.noValue" >
                  and ${criterion.condition}
                </when>
                <when test="criterion.singleValue" >
                  and ${criterion.condition} #{criterion.value}
                </when>
                <when test="criterion.betweenValue" >
                  and ${criterion.condition} #{criterion.value} and #{criterion.secondValue}
                </when>
                <when test="criterion.listValue" >
                  and ${criterion.condition}
                  <foreach collection="criterion.value" item="listItem" open="(" close=")" separator="," >
                    #{listItem}
                  </foreach>
                </when>
              </choose>
            </foreach>
          </trim>
        </if>
      </foreach>
    </where>
  </sql>
  <sql id="Base_Column_List" >
    <!--
      WARNING - @mbggenerated
      This element is automatically generated by MyBatis Generator, do not modify.
      This element was generated on Wed May 15 13:47:10 GMT+08:00 2013.
    -->
    AUTH_ID, RESC_ID, AUTH_CODE, AUTH_DESC, CREATOR, CREATE_TIME
  </sql>
  <select id="selectByExample" resultMap="BaseResultMap" parameterType="com.we.p2p.admin.entity.FrmSysAuthorityExample" >
    <!--
      WARNING - @mbggenerated
      This element is automatically generated by MyBatis Generator, do not modify.
      This element was generated on Wed May 15 13:47:10 GMT+08:00 2013.
    -->
    select
    <if test="distinct" >
      distinct
    </if>
    <include refid="Base_Column_List" />
    from frm_sys_authority
    <if test="_parameter != null" >
      <include refid="Example_Where_Clause" />
    </if>
    <if test="orderByClause != null" >
      order by ${orderByClause}
    </if>
  </select>
  <select id="selectByPrimaryKey" resultMap="BaseResultMap" parameterType="java.lang.Long" >
    <!--
      WARNING - @mbggenerated
      This element is automatically generated by MyBatis Generator, do not modify.
      This element was generated on Wed May 15 13:47:10 GMT+08:00 2013.
    -->
    select 
    <include refid="Base_Column_List" />
    from frm_sys_authority
    where AUTH_ID = #{authId,jdbcType=BIGINT}
  </select>
  <delete id="deleteByPrimaryKey" parameterType="java.lang.Long" >
    <!--
      WARNING - @mbggenerated
      This element is automatically generated by MyBatis Generator, do not modify.
      This element was generated on Wed May 15 13:47:10 GMT+08:00 2013.
    -->
    delete from frm_sys_authority
    where AUTH_ID = #{authId,jdbcType=BIGINT}
  </delete>
  <delete id="deleteByExample" parameterType="com.we.p2p.admin.entity.FrmSysAuthorityExample" >
    <!--
      WARNING - @mbggenerated
      This element is automatically generated by MyBatis Generator, do not modify.
      This element was generated on Wed May 15 13:47:10 GMT+08:00 2013.
    -->
    delete from frm_sys_authority
    <if test="_parameter != null" >
      <include refid="Example_Where_Clause" />
    </if>
  </delete>
  <insert id="insert" parameterType="com.we.p2p.admin.entity.FrmSysAuthority" >
    <!--
      WARNING - @mbggenerated
      This element is automatically generated by MyBatis Generator, do not modify.
      This element was generated on Wed May 15 13:47:10 GMT+08:00 2013.
    -->
    insert into frm_sys_authority (AUTH_ID, RESC_ID, AUTH_CODE, 
      AUTH_DESC, CREATOR, CREATE_TIME
      )
    values (#{authId,jdbcType=BIGINT}, #{rescId,jdbcType=BIGINT}, #{authCode,jdbcType=VARCHAR}, 
      #{authDesc,jdbcType=VARCHAR}, #{creator,jdbcType=BIGINT}, #{createTime,jdbcType=TIMESTAMP}
      )
  </insert>
  <insert id="insertSelective" parameterType="com.we.p2p.admin.entity.FrmSysAuthority" >
    <!--
      WARNING - @mbggenerated
      This element is automatically generated by MyBatis Generator, do not modify.
      This element was generated on Wed May 15 13:47:10 GMT+08:00 2013.
    -->
    insert into frm_sys_authority
    <trim prefix="(" suffix=")" suffixOverrides="," >
      <if test="authId != null" >
        AUTH_ID,
      </if>
      <if test="rescId != null" >
        RESC_ID,
      </if>
      <if test="authCode != null" >
        AUTH_CODE,
      </if>
      <if test="authDesc != null" >
        AUTH_DESC,
      </if>
      <if test="creator != null" >
        CREATOR,
      </if>
      <if test="createTime != null" >
        CREATE_TIME,
      </if>
    </trim>
    <trim prefix="values (" suffix=")" suffixOverrides="," >
      <if test="authId != null" >
        #{authId,jdbcType=BIGINT},
      </if>
      <if test="rescId != null" >
        #{rescId,jdbcType=BIGINT},
      </if>
      <if test="authCode != null" >
        #{authCode,jdbcType=VARCHAR},
      </if>
      <if test="authDesc != null" >
        #{authDesc,jdbcType=VARCHAR},
      </if>
      <if test="creator != null" >
        #{creator,jdbcType=BIGINT},
      </if>
      <if test="createTime != null" >
        #{createTime,jdbcType=TIMESTAMP},
      </if>
    </trim>
  </insert>
  <select id="countByExample" parameterType="com.we.p2p.admin.entity.FrmSysAuthorityExample" resultType="java.lang.Integer" >
    <!--
      WARNING - @mbggenerated
      This element is automatically generated by MyBatis Generator, do not modify.
      This element was generated on Wed May 15 13:47:10 GMT+08:00 2013.
    -->
    select count(*) from frm_sys_authority
    <if test="_parameter != null" >
      <include refid="Example_Where_Clause" />
    </if>
  </select>
  <update id="updateByExampleSelective" parameterType="map" >
    <!--
      WARNING - @mbggenerated
      This element is automatically generated by MyBatis Generator, do not modify.
      This element was generated on Wed May 15 13:47:10 GMT+08:00 2013.
    -->
    update frm_sys_authority
    <set >
      <if test="record.authId != null" >
        AUTH_ID = #{record.authId,jdbcType=BIGINT},
      </if>
      <if test="record.rescId != null" >
        RESC_ID = #{record.rescId,jdbcType=BIGINT},
      </if>
      <if test="record.authCode != null" >
        AUTH_CODE = #{record.authCode,jdbcType=VARCHAR},
      </if>
      <if test="record.authDesc != null" >
        AUTH_DESC = #{record.authDesc,jdbcType=VARCHAR},
      </if>
      <if test="record.creator != null" >
        CREATOR = #{record.creator,jdbcType=BIGINT},
      </if>
      <if test="record.createTime != null" >
        CREATE_TIME = #{record.createTime,jdbcType=TIMESTAMP},
      </if>
    </set>
    <if test="_parameter != null" >
      <include refid="Update_By_Example_Where_Clause" />
    </if>
  </update>
  <update id="updateByExample" parameterType="map" >
    <!--
      WARNING - @mbggenerated
      This element is automatically generated by MyBatis Generator, do not modify.
      This element was generated on Wed May 15 13:47:10 GMT+08:00 2013.
    -->
    update frm_sys_authority
    set AUTH_ID = #{record.authId,jdbcType=BIGINT},
      RESC_ID = #{record.rescId,jdbcType=BIGINT},
      AUTH_CODE = #{record.authCode,jdbcType=VARCHAR},
      AUTH_DESC = #{record.authDesc,jdbcType=VARCHAR},
      CREATOR = #{record.creator,jdbcType=BIGINT},
      CREATE_TIME = #{record.createTime,jdbcType=TIMESTAMP}
    <if test="_parameter != null" >
      <include refid="Update_By_Example_Where_Clause" />
    </if>
  </update>
  <update id="updateByPrimaryKeySelective" parameterType="com.we.p2p.admin.entity.FrmSysAuthority" >
    <!--
      WARNING - @mbggenerated
      This element is automatically generated by MyBatis Generator, do not modify.
      This element was generated on Wed May 15 13:47:10 GMT+08:00 2013.
    -->
    update frm_sys_authority
    <set >
      <if test="rescId != null" >
        RESC_ID = #{rescId,jdbcType=BIGINT},
      </if>
      <if test="authCode != null" >
        AUTH_CODE = #{authCode,jdbcType=VARCHAR},
      </if>
      <if test="authDesc != null" >
        AUTH_DESC = #{authDesc,jdbcType=VARCHAR},
      </if>
      <if test="creator != null" >
        CREATOR = #{creator,jdbcType=BIGINT},
      </if>
      <if test="createTime != null" >
        CREATE_TIME = #{createTime,jdbcType=TIMESTAMP},
      </if>
    </set>
    where AUTH_ID = #{authId,jdbcType=BIGINT}
  </update>
  <update id="updateByPrimaryKey" parameterType="com.we.p2p.admin.entity.FrmSysAuthority" >
    <!--
      WARNING - @mbggenerated
      This element is automatically generated by MyBatis Generator, do not modify.
      This element was generated on Wed May 15 13:47:10 GMT+08:00 2013.
    -->
    update frm_sys_authority
    set RESC_ID = #{rescId,jdbcType=BIGINT},
      AUTH_CODE = #{authCode,jdbcType=VARCHAR},
      AUTH_DESC = #{authDesc,jdbcType=VARCHAR},
      CREATOR = #{creator,jdbcType=BIGINT},
      CREATE_TIME = #{createTime,jdbcType=TIMESTAMP}
    where AUTH_ID = #{authId,jdbcType=BIGINT}
  </update>
</mapper>