<?xml version="1.0" encoding="UTF-8" ?>
<!DOCTYPE mapper PUBLIC "-//mybatis.org//DTD Mapper 3.0//EN" "http://mybatis.org/dtd/mybatis-3-mapper.dtd" >
<mapper namespace="com.we.p2p.admin.dao.FrmSysLogMapper" >
  <resultMap id="BaseResultMap" type="com.we.p2p.admin.entity.FrmSysLog" >
    <!--
      WARNING - @mbggenerated
      This element is automatically generated by MyBatis Generator, do not modify.
      This element was generated on Mon May 20 14:43:49 GMT+08:00 2013.
    -->
    <id column="LOG_ID" property="logId" jdbcType="BIGINT" />
    <result column="MODULE" property="module" jdbcType="CHAR" />
    <result column="CONTENT" property="content" jdbcType="VARCHAR" />
    <result column="OPER_ID" property="operId" jdbcType="BIGINT" />
    <result column="OP_DATE" property="opDate" jdbcType="TIMESTAMP" />
  </resultMap>
  <sql id="Example_Where_Clause" >
    <!--
      WARNING - @mbggenerated
      This element is automatically generated by MyBatis Generator, do not modify.
      This element was generated on Mon May 20 14:43:49 GMT+08:00 2013.
    -->
    <where >
      <foreach collection="oredCriteria" item="criteria" separator="or" >
        <if test="criteria.valid" >
          <trim prefix="(" suffix=")" prefixOverrides="and" >
            <foreach collection="criteria.criteria" item="criterion" >
              <choose >
                <when test="criterion.noValue" >
                  and ${criterion.condition}
                </when>
                <when test="criterion.singleValue" >
                  and ${criterion.condition} #{criterion.value}
                </when>
                <when test="criterion.betweenValue" >
                  and ${criterion.condition} #{criterion.value} and #{criterion.secondValue}
                </when>
                <when test="criterion.listValue" >
                  and ${criterion.condition}
                  <foreach collection="criterion.value" item="listItem" open="(" close=")" separator="," >
                    #{listItem}
                  </foreach>
                </when>
              </choose>
            </foreach>
          </trim>
        </if>
      </foreach>
    </where>
  </sql>
  <sql id="Update_By_Example_Where_Clause" >
    <!--
      WARNING - @mbggenerated
      This element is automatically generated by MyBatis Generator, do not modify.
      This element was generated on Mon May 20 14:43:49 GMT+08:00 2013.
    -->
    <where >
      <foreach collection="example.oredCriteria" item="criteria" separator="or" >
        <if test="criteria.valid" >
          <trim prefix="(" suffix=")" prefixOverrides="and" >
            <foreach collection="criteria.criteria" item="criterion" >
              <choose >
                <when test="criterion.noValue" >
                  and ${criterion.condition}
                </when>
                <when test="criterion.singleValue" >
                  and ${criterion.condition} #{criterion.value}
                </when>
                <when test="criterion.betweenValue" >
                  and ${criterion.condition} #{criterion.value} and #{criterion.secondValue}
                </when>
                <when test="criterion.listValue" >
                  and ${criterion.condition}
                  <foreach collection="criterion.value" item="listItem" open="(" close=")" separator="," >
                    #{listItem}
                  </foreach>
                </when>
              </choose>
            </foreach>
          </trim>
        </if>
      </foreach>
    </where>
  </sql>
  <sql id="Base_Column_List" >
    <!--
      WARNING - @mbggenerated
      This element is automatically generated by MyBatis Generator, do not modify.
      This element was generated on Mon May 20 14:43:49 GMT+08:00 2013.
    -->
    LOG_ID, MODULE, CONTENT, OPER_ID, OP_DATE
  </sql>
  <select id="selectByExample" resultMap="BaseResultMap" parameterType="com.we.p2p.admin.entity.FrmSysLogExample" >
    <!--
      WARNING - @mbggenerated
      This element is automatically generated by MyBatis Generator, do not modify.
      This element was generated on Mon May 20 14:43:49 GMT+08:00 2013.
    -->
    select
    <if test="distinct" >
      distinct
    </if>
    <include refid="Base_Column_List" />
    from frm_sys_log
    <if test="_parameter != null" >
      <include refid="Example_Where_Clause" />
    </if>
    <if test="orderByClause != null" >
      order by ${orderByClause}
    </if>
  </select>
  <select id="selectByPrimaryKey" resultMap="BaseResultMap" parameterType="java.lang.Long" >
    <!--
      WARNING - @mbggenerated
      This element is automatically generated by MyBatis Generator, do not modify.
      This element was generated on Mon May 20 14:43:49 GMT+08:00 2013.
    -->
    select 
    <include refid="Base_Column_List" />
    from frm_sys_log
    where LOG_ID = #{logId,jdbcType=BIGINT}
  </select>
  <delete id="deleteByPrimaryKey" parameterType="java.lang.Long" >
    <!--
      WARNING - @mbggenerated
      This element is automatically generated by MyBatis Generator, do not modify.
      This element was generated on Mon May 20 14:43:49 GMT+08:00 2013.
    -->
    delete from frm_sys_log
    where LOG_ID = #{logId,jdbcType=BIGINT}
  </delete>
  <delete id="deleteByExample" parameterType="com.we.p2p.admin.entity.FrmSysLogExample" >
    <!--
      WARNING - @mbggenerated
      This element is automatically generated by MyBatis Generator, do not modify.
      This element was generated on Mon May 20 14:43:49 GMT+08:00 2013.
    -->
    delete from frm_sys_log
    <if test="_parameter != null" >
      <include refid="Example_Where_Clause" />
    </if>
  </delete>
  <insert id="insert" parameterType="com.we.p2p.admin.entity.FrmSysLog" >
    <!--
      WARNING - @mbggenerated
      This element is automatically generated by MyBatis Generator, do not modify.
      This element was generated on Mon May 20 14:43:49 GMT+08:00 2013.
    -->
    insert into frm_sys_log (LOG_ID, MODULE, CONTENT, 
      OPER_ID, OP_DATE)
    values (#{logId,jdbcType=BIGINT}, #{module,jdbcType=CHAR}, #{content,jdbcType=VARCHAR}, 
      #{operId,jdbcType=BIGINT}, #{opDate,jdbcType=TIMESTAMP})
  </insert>
  <insert id="insertSelective" parameterType="com.we.p2p.admin.entity.FrmSysLog" >
    <!--
      WARNING - @mbggenerated
      This element is automatically generated by MyBatis Generator, do not modify.
      This element was generated on Mon May 20 14:43:49 GMT+08:00 2013.
    -->
    insert into frm_sys_log
    <trim prefix="(" suffix=")" suffixOverrides="," >
      <if test="logId != null" >
        LOG_ID,
      </if>
      <if test="module != null" >
        MODULE,
      </if>
      <if test="content != null" >
        CONTENT,
      </if>
      <if test="operId != null" >
        OPER_ID,
      </if>
      <if test="opDate != null" >
        OP_DATE,
      </if>
    </trim>
    <trim prefix="values (" suffix=")" suffixOverrides="," >
      <if test="logId != null" >
        #{logId,jdbcType=BIGINT},
      </if>
      <if test="module != null" >
        #{module,jdbcType=CHAR},
      </if>
      <if test="content != null" >
        #{content,jdbcType=VARCHAR},
      </if>
      <if test="operId != null" >
        #{operId,jdbcType=BIGINT},
      </if>
      <if test="opDate != null" >
        #{opDate,jdbcType=TIMESTAMP},
      </if>
    </trim>
  </insert>
  <select id="countByExample" parameterType="com.we.p2p.admin.entity.FrmSysLogExample" resultType="java.lang.Integer" >
    <!--
      WARNING - @mbggenerated
      This element is automatically generated by MyBatis Generator, do not modify.
      This element was generated on Mon May 20 14:43:49 GMT+08:00 2013.
    -->
    select count(*) from frm_sys_log
    <if test="_parameter != null" >
      <include refid="Example_Where_Clause" />
    </if>
  </select>
  <update id="updateByExampleSelective" parameterType="map" >
    <!--
      WARNING - @mbggenerated
      This element is automatically generated by MyBatis Generator, do not modify.
      This element was generated on Mon May 20 14:43:49 GMT+08:00 2013.
    -->
    update frm_sys_log
    <set >
      <if test="record.logId != null" >
        LOG_ID = #{record.logId,jdbcType=BIGINT},
      </if>
      <if test="record.module != null" >
        MODULE = #{record.module,jdbcType=CHAR},
      </if>
      <if test="record.content != null" >
        CONTENT = #{record.content,jdbcType=VARCHAR},
      </if>
      <if test="record.operId != null" >
        OPER_ID = #{record.operId,jdbcType=BIGINT},
      </if>
      <if test="record.opDate != null" >
        OP_DATE = #{record.opDate,jdbcType=TIMESTAMP},
      </if>
    </set>
    <if test="_parameter != null" >
      <include refid="Update_By_Example_Where_Clause" />
    </if>
  </update>
  <update id="updateByExample" parameterType="map" >
    <!--
      WARNING - @mbggenerated
      This element is automatically generated by MyBatis Generator, do not modify.
      This element was generated on Mon May 20 14:43:49 GMT+08:00 2013.
    -->
    update frm_sys_log
    set LOG_ID = #{record.logId,jdbcType=BIGINT},
      MODULE = #{record.module,jdbcType=CHAR},
      CONTENT = #{record.content,jdbcType=VARCHAR},
      OPER_ID = #{record.operId,jdbcType=BIGINT},
      OP_DATE = #{record.opDate,jdbcType=TIMESTAMP}
    <if test="_parameter != null" >
      <include refid="Update_By_Example_Where_Clause" />
    </if>
  </update>
  <update id="updateByPrimaryKeySelective" parameterType="com.we.p2p.admin.entity.FrmSysLog" >
    <!--
      WARNING - @mbggenerated
      This element is automatically generated by MyBatis Generator, do not modify.
      This element was generated on Mon May 20 14:43:49 GMT+08:00 2013.
    -->
    update frm_sys_log
    <set >
      <if test="module != null" >
        MODULE = #{module,jdbcType=CHAR},
      </if>
      <if test="content != null" >
        CONTENT = #{content,jdbcType=VARCHAR},
      </if>
      <if test="operId != null" >
        OPER_ID = #{operId,jdbcType=BIGINT},
      </if>
      <if test="opDate != null" >
        OP_DATE = #{opDate,jdbcType=TIMESTAMP},
      </if>
    </set>
    where LOG_ID = #{logId,jdbcType=BIGINT}
  </update>
  <update id="updateByPrimaryKey" parameterType="com.we.p2p.admin.entity.FrmSysLog" >
    <!--
      WARNING - @mbggenerated
      This element is automatically generated by MyBatis Generator, do not modify.
      This element was generated on Mon May 20 14:43:49 GMT+08:00 2013.
    -->
    update frm_sys_log
    set MODULE = #{module,jdbcType=CHAR},
      CONTENT = #{content,jdbcType=VARCHAR},
      OPER_ID = #{operId,jdbcType=BIGINT},
      OP_DATE = #{opDate,jdbcType=TIMESTAMP}
    where LOG_ID = #{logId,jdbcType=BIGINT}
  </update>
</mapper>