<?xml version="1.0" encoding="UTF-8" ?>
<!DOCTYPE mapper PUBLIC "-//mybatis.org//DTD Mapper 3.0//EN" "http://mybatis.org/dtd/mybatis-3-mapper.dtd" >
<mapper namespace="com.we.p2p.admin.dao.FrmSysRescMapper" >
  <resultMap id="BaseResultMap" type="com.we.p2p.admin.entity.FrmSysResc" >
    <!--
      WARNING - @mbggenerated
      This element is automatically generated by MyBatis Generator, do not modify.
      This element was generated on Wed May 15 13:47:10 GMT+08:00 2013.
    -->
    <id column="RESC_ID" property="rescId" jdbcType="BIGINT" />
    <result column="RESC_NAME" property="rescName" jdbcType="VARCHAR" />
    <result column="RESC_DESC" property="rescDesc" jdbcType="VARCHAR" />
    <result column="RESC_URL" property="rescUrl" jdbcType="VARCHAR" />
    <result column="RESC_NAMESPACE" property="rescNamespace" jdbcType="VARCHAR" />
    <result column="RESC_MAIN_CLASS" property="rescMainClass" jdbcType="VARCHAR" />
    <result column="RESC_TYPE" property="rescType" jdbcType="CHAR" />
    <result column="RESC_TITLE" property="rescTitle" jdbcType="VARCHAR" />
    <result column="RESC_ICON" property="rescIcon" jdbcType="VARCHAR" />
    <result column="PARENT_ID" property="parentId" jdbcType="BIGINT" />
    <result column="RESC_JS_FILES" property="rescJsFiles" jdbcType="VARCHAR" />
    <result column="IS_LEAF" property="isLeaf" jdbcType="CHAR" />
    <result column="RESC_STATUS" property="rescStatus" jdbcType="CHAR" />
    <result column="RESC_SEQ" property="rescSeq" jdbcType="INTEGER" />
  </resultMap>
  <sql id="Example_Where_Clause" >
    <!--
      WARNING - @mbggenerated
      This element is automatically generated by MyBatis Generator, do not modify.
      This element was generated on Wed May 15 13:47:10 GMT+08:00 2013.
    -->
    <where >
      <foreach collection="oredCriteria" item="criteria" separator="or" >
        <if test="criteria.valid" >
          <trim prefix="(" suffix=")" prefixOverrides="and" >
            <foreach collection="criteria.criteria" item="criterion" >
              <choose >
                <when test="criterion.noValue" >
                  and ${criterion.condition}
                </when>
                <when test="criterion.singleValue" >
                  and ${criterion.condition} #{criterion.value}
                </when>
                <when test="criterion.betweenValue" >
                  and ${criterion.condition} #{criterion.value} and #{criterion.secondValue}
                </when>
                <when test="criterion.listValue" >
                  and ${criterion.condition}
                  <foreach collection="criterion.value" item="listItem" open="(" close=")" separator="," >
                    #{listItem}
                  </foreach>
                </when>
              </choose>
            </foreach>
          </trim>
        </if>
      </foreach>
    </where>
  </sql>
  <sql id="Update_By_Example_Where_Clause" >
    <!--
      WARNING - @mbggenerated
      This element is automatically generated by MyBatis Generator, do not modify.
      This element was generated on Wed May 15 13:47:10 GMT+08:00 2013.
    -->
    <where >
      <foreach collection="example.oredCriteria" item="criteria" separator="or" >
        <if test="criteria.valid" >
          <trim prefix="(" suffix=")" prefixOverrides="and" >
            <foreach collection="criteria.criteria" item="criterion" >
              <choose >
                <when test="criterion.noValue" >
                  and ${criterion.condition}
                </when>
                <when test="criterion.singleValue" >
                  and ${criterion.condition} #{criterion.value}
                </when>
                <when test="criterion.betweenValue" >
                  and ${criterion.condition} #{criterion.value} and #{criterion.secondValue}
                </when>
                <when test="criterion.listValue" >
                  and ${criterion.condition}
                  <foreach collection="criterion.value" item="listItem" open="(" close=")" separator="," >
                    #{listItem}
                  </foreach>
                </when>
              </choose>
            </foreach>
          </trim>
        </if>
      </foreach>
    </where>
  </sql>
  <sql id="Base_Column_List" >
    <!--
      WARNING - @mbggenerated
      This element is automatically generated by MyBatis Generator, do not modify.
      This element was generated on Wed May 15 13:47:10 GMT+08:00 2013.
    -->
    RESC_ID, RESC_NAME, RESC_DESC, RESC_URL, RESC_NAMESPACE, RESC_MAIN_CLASS, RESC_TYPE, 
    RESC_TITLE, RESC_ICON, PARENT_ID, RESC_JS_FILES, IS_LEAF, RESC_STATUS, RESC_SEQ
  </sql>
  <select id="selectByExample" resultMap="BaseResultMap" parameterType="com.we.p2p.admin.entity.FrmSysRescExample" >
    <!--
      WARNING - @mbggenerated
      This element is automatically generated by MyBatis Generator, do not modify.
      This element was generated on Wed May 15 13:47:10 GMT+08:00 2013.
    -->
    select
    <if test="distinct" >
      distinct
    </if>
    <include refid="Base_Column_List" />
    from frm_sys_resc
    <if test="_parameter != null" >
      <include refid="Example_Where_Clause" />
    </if>
      ORDER BY RESC_SEQ
  </select>
  <select id="selectByPrimaryKey" resultMap="BaseResultMap" parameterType="java.lang.Long" >
    <!--
      WARNING - @mbggenerated
      This element is automatically generated by MyBatis Generator, do not modify.
      This element was generated on Wed May 15 13:47:10 GMT+08:00 2013.
    -->
    select 
    <include refid="Base_Column_List" />
    from frm_sys_resc
    where RESC_ID = #{rescId,jdbcType=BIGINT}
  </select>
  <delete id="deleteByPrimaryKey" parameterType="java.lang.Long" >
    <!--
      WARNING - @mbggenerated
      This element is automatically generated by MyBatis Generator, do not modify.
      This element was generated on Wed May 15 13:47:10 GMT+08:00 2013.
    -->
    delete from frm_sys_resc
    where RESC_ID = #{rescId,jdbcType=BIGINT}
  </delete>
  <delete id="deleteByExample" parameterType="com.we.p2p.admin.entity.FrmSysRescExample" >
    <!--
      WARNING - @mbggenerated
      This element is automatically generated by MyBatis Generator, do not modify.
      This element was generated on Wed May 15 13:47:10 GMT+08:00 2013.
    -->
    delete from frm_sys_resc
    <if test="_parameter != null" >
      <include refid="Example_Where_Clause" />
    </if>
  </delete>
  <insert id="insert" parameterType="com.we.p2p.admin.entity.FrmSysResc" >
    <!--
      WARNING - @mbggenerated
      This element is automatically generated by MyBatis Generator, do not modify.
      This element was generated on Wed May 15 13:47:10 GMT+08:00 2013.
    -->
    insert into frm_sys_resc (RESC_ID, RESC_NAME, RESC_DESC, 
      RESC_URL, RESC_NAMESPACE, RESC_MAIN_CLASS, 
      RESC_TYPE, RESC_TITLE, RESC_ICON, 
      PARENT_ID, RESC_JS_FILES, IS_LEAF, 
      RESC_STATUS, RESC_SEQ)
    values (#{rescId,jdbcType=BIGINT}, #{rescName,jdbcType=VARCHAR}, #{rescDesc,jdbcType=VARCHAR}, 
      #{rescUrl,jdbcType=VARCHAR}, #{rescNamespace,jdbcType=VARCHAR}, #{rescMainClass,jdbcType=VARCHAR}, 
      #{rescType,jdbcType=CHAR}, #{rescTitle,jdbcType=VARCHAR}, #{rescIcon,jdbcType=VARCHAR}, 
      #{parentId,jdbcType=BIGINT}, #{rescJsFiles,jdbcType=VARCHAR}, #{isLeaf,jdbcType=CHAR}, 
      #{rescStatus,jdbcType=CHAR}, #{rescSeq,jdbcType=INTEGER})
  </insert>
  <insert id="insertSelective" parameterType="com.we.p2p.admin.entity.FrmSysResc" >
    <!--
      WARNING - @mbggenerated
      This element is automatically generated by MyBatis Generator, do not modify.
      This element was generated on Wed May 15 13:47:10 GMT+08:00 2013.
    -->
    insert into frm_sys_resc
    <trim prefix="(" suffix=")" suffixOverrides="," >
      <if test="rescId != null" >
        RESC_ID,
      </if>
      <if test="rescName != null" >
        RESC_NAME,
      </if>
      <if test="rescDesc != null" >
        RESC_DESC,
      </if>
      <if test="rescUrl != null" >
        RESC_URL,
      </if>
      <if test="rescNamespace != null" >
        RESC_NAMESPACE,
      </if>
      <if test="rescMainClass != null" >
        RESC_MAIN_CLASS,
      </if>
      <if test="rescType != null" >
        RESC_TYPE,
      </if>
      <if test="rescTitle != null" >
        RESC_TITLE,
      </if>
      <if test="rescIcon != null" >
        RESC_ICON,
      </if>
      <if test="parentId != null" >
        PARENT_ID,
      </if>
      <if test="rescJsFiles != null" >
        RESC_JS_FILES,
      </if>
      <if test="isLeaf != null" >
        IS_LEAF,
      </if>
      <if test="rescStatus != null" >
        RESC_STATUS,
      </if>
      <if test="rescSeq != null" >
        RESC_SEQ,
      </if>
    </trim>
    <trim prefix="values (" suffix=")" suffixOverrides="," >
      <if test="rescId != null" >
        #{rescId,jdbcType=BIGINT},
      </if>
      <if test="rescName != null" >
        #{rescName,jdbcType=VARCHAR},
      </if>
      <if test="rescDesc != null" >
        #{rescDesc,jdbcType=VARCHAR},
      </if>
      <if test="rescUrl != null" >
        #{rescUrl,jdbcType=VARCHAR},
      </if>
      <if test="rescNamespace != null" >
        #{rescNamespace,jdbcType=VARCHAR},
      </if>
      <if test="rescMainClass != null" >
        #{rescMainClass,jdbcType=VARCHAR},
      </if>
      <if test="rescType != null" >
        #{rescType,jdbcType=CHAR},
      </if>
      <if test="rescTitle != null" >
        #{rescTitle,jdbcType=VARCHAR},
      </if>
      <if test="rescIcon != null" >
        #{rescIcon,jdbcType=VARCHAR},
      </if>
      <if test="parentId != null" >
        #{parentId,jdbcType=BIGINT},
      </if>
      <if test="rescJsFiles != null" >
        #{rescJsFiles,jdbcType=VARCHAR},
      </if>
      <if test="isLeaf != null" >
        #{isLeaf,jdbcType=CHAR},
      </if>
      <if test="rescStatus != null" >
        #{rescStatus,jdbcType=CHAR},
      </if>
      <if test="rescSeq != null" >
        #{rescSeq,jdbcType=INTEGER},
      </if>
    </trim>
  </insert>
  <select id="countByExample" parameterType="com.we.p2p.admin.entity.FrmSysRescExample" resultType="java.lang.Integer" >
    <!--
      WARNING - @mbggenerated
      This element is automatically generated by MyBatis Generator, do not modify.
      This element was generated on Wed May 15 13:47:10 GMT+08:00 2013.
    -->
    select count(*) from frm_sys_resc
    <if test="_parameter != null" >
      <include refid="Example_Where_Clause" />
    </if>
  </select>
  <update id="updateByExampleSelective" parameterType="map" >
    <!--
      WARNING - @mbggenerated
      This element is automatically generated by MyBatis Generator, do not modify.
      This element was generated on Wed May 15 13:47:10 GMT+08:00 2013.
    -->
    update frm_sys_resc
    <set >
      <if test="record.rescId != null" >
        RESC_ID = #{record.rescId,jdbcType=BIGINT},
      </if>
      <if test="record.rescName != null" >
        RESC_NAME = #{record.rescName,jdbcType=VARCHAR},
      </if>
      <if test="record.rescDesc != null" >
        RESC_DESC = #{record.rescDesc,jdbcType=VARCHAR},
      </if>
      <if test="record.rescUrl != null" >
        RESC_URL = #{record.rescUrl,jdbcType=VARCHAR},
      </if>
      <if test="record.rescNamespace != null" >
        RESC_NAMESPACE = #{record.rescNamespace,jdbcType=VARCHAR},
      </if>
      <if test="record.rescMainClass != null" >
        RESC_MAIN_CLASS = #{record.rescMainClass,jdbcType=VARCHAR},
      </if>
      <if test="record.rescType != null" >
        RESC_TYPE = #{record.rescType,jdbcType=CHAR},
      </if>
      <if test="record.rescTitle != null" >
        RESC_TITLE = #{record.rescTitle,jdbcType=VARCHAR},
      </if>
      <if test="record.rescIcon != null" >
        RESC_ICON = #{record.rescIcon,jdbcType=VARCHAR},
      </if>
      <if test="record.parentId != null" >
        PARENT_ID = #{record.parentId,jdbcType=BIGINT},
      </if>
      <if test="record.rescJsFiles != null" >
        RESC_JS_FILES = #{record.rescJsFiles,jdbcType=VARCHAR},
      </if>
      <if test="record.isLeaf != null" >
        IS_LEAF = #{record.isLeaf,jdbcType=CHAR},
      </if>
      <if test="record.rescStatus != null" >
        RESC_STATUS = #{record.rescStatus,jdbcType=CHAR},
      </if>
      <if test="record.rescSeq != null" >
        RESC_SEQ = #{record.rescSeq,jdbcType=INTEGER},
      </if>
    </set>
    <if test="_parameter != null" >
      <include refid="Update_By_Example_Where_Clause" />
    </if>
  </update>
  <update id="updateByExample" parameterType="map" >
    <!--
      WARNING - @mbggenerated
      This element is automatically generated by MyBatis Generator, do not modify.
      This element was generated on Wed May 15 13:47:10 GMT+08:00 2013.
    -->
    update frm_sys_resc
    set RESC_ID = #{record.rescId,jdbcType=BIGINT},
      RESC_NAME = #{record.rescName,jdbcType=VARCHAR},
      RESC_DESC = #{record.rescDesc,jdbcType=VARCHAR},
      RESC_URL = #{record.rescUrl,jdbcType=VARCHAR},
      RESC_NAMESPACE = #{record.rescNamespace,jdbcType=VARCHAR},
      RESC_MAIN_CLASS = #{record.rescMainClass,jdbcType=VARCHAR},
      RESC_TYPE = #{record.rescType,jdbcType=CHAR},
      RESC_TITLE = #{record.rescTitle,jdbcType=VARCHAR},
      RESC_ICON = #{record.rescIcon,jdbcType=VARCHAR},
      PARENT_ID = #{record.parentId,jdbcType=BIGINT},
      RESC_JS_FILES = #{record.rescJsFiles,jdbcType=VARCHAR},
      IS_LEAF = #{record.isLeaf,jdbcType=CHAR},
      RESC_STATUS = #{record.rescStatus,jdbcType=CHAR},
      RESC_SEQ = #{record.rescSeq,jdbcType=INTEGER}
    <if test="_parameter != null" >
      <include refid="Update_By_Example_Where_Clause" />
    </if>
  </update>
  <update id="updateByPrimaryKeySelective" parameterType="com.we.p2p.admin.entity.FrmSysResc" >
    <!--
      WARNING - @mbggenerated
      This element is automatically generated by MyBatis Generator, do not modify.
      This element was generated on Wed May 15 13:47:10 GMT+08:00 2013.
    -->
    update frm_sys_resc
    <set >
      <if test="rescName != null" >
        RESC_NAME = #{rescName,jdbcType=VARCHAR},
      </if>
      <if test="rescDesc != null" >
        RESC_DESC = #{rescDesc,jdbcType=VARCHAR},
      </if>
      <if test="rescUrl != null" >
        RESC_URL = #{rescUrl,jdbcType=VARCHAR},
      </if>
      <if test="rescNamespace != null" >
        RESC_NAMESPACE = #{rescNamespace,jdbcType=VARCHAR},
      </if>
      <if test="rescMainClass != null" >
        RESC_MAIN_CLASS = #{rescMainClass,jdbcType=VARCHAR},
      </if>
      <if test="rescType != null" >
        RESC_TYPE = #{rescType,jdbcType=CHAR},
      </if>
      <if test="rescTitle != null" >
        RESC_TITLE = #{rescTitle,jdbcType=VARCHAR},
      </if>
      <if test="rescIcon != null" >
        RESC_ICON = #{rescIcon,jdbcType=VARCHAR},
      </if>
      <if test="parentId != null" >
        PARENT_ID = #{parentId,jdbcType=BIGINT},
      </if>
      <if test="rescJsFiles != null" >
        RESC_JS_FILES = #{rescJsFiles,jdbcType=VARCHAR},
      </if>
      <if test="isLeaf != null" >
        IS_LEAF = #{isLeaf,jdbcType=CHAR},
      </if>
      <if test="rescStatus != null" >
        RESC_STATUS = #{rescStatus,jdbcType=CHAR},
      </if>
      <if test="rescSeq != null" >
        RESC_SEQ = #{rescSeq,jdbcType=INTEGER},
      </if>
    </set>
    where RESC_ID = #{rescId,jdbcType=BIGINT}
  </update>
  <update id="updateByPrimaryKey" parameterType="com.we.p2p.admin.entity.FrmSysResc" >
    <!--
      WARNING - @mbggenerated
      This element is automatically generated by MyBatis Generator, do not modify.
      This element was generated on Wed May 15 13:47:10 GMT+08:00 2013.
    -->
    update frm_sys_resc
    set RESC_NAME = #{rescName,jdbcType=VARCHAR},
      RESC_DESC = #{rescDesc,jdbcType=VARCHAR},
      RESC_URL = #{rescUrl,jdbcType=VARCHAR},
      RESC_NAMESPACE = #{rescNamespace,jdbcType=VARCHAR},
      RESC_MAIN_CLASS = #{rescMainClass,jdbcType=VARCHAR},
      RESC_TYPE = #{rescType,jdbcType=CHAR},
      RESC_TITLE = #{rescTitle,jdbcType=VARCHAR},
      RESC_ICON = #{rescIcon,jdbcType=VARCHAR},
      PARENT_ID = #{parentId,jdbcType=BIGINT},
      RESC_JS_FILES = #{rescJsFiles,jdbcType=VARCHAR},
      IS_LEAF = #{isLeaf,jdbcType=CHAR},
      RESC_STATUS = #{rescStatus,jdbcType=CHAR},
      RESC_SEQ = #{rescSeq,jdbcType=INTEGER}
    where RESC_ID = #{rescId,jdbcType=BIGINT}
  </update>
</mapper>