<?xml version="1.0" encoding="UTF-8"?>
<!DOCTYPE mapper PUBLIC "-//mybatis.org//DTD Mapper 3.0//EN" "http://mybatis.org/dtd/mybatis-3-mapper.dtd">
<mapper namespace="com.we.p2p.admin.dao.FrmSysRoleMapper">
  <resultMap id="BaseResultMap" type="com.we.p2p.admin.entity.FrmSysRole">
    <!--
      WARNING - @mbggenerated
      This element is automatically generated by MyBatis Generator, do not modify.
      This element was generated on Thu Jun 27 16:41:32 CST 2013.
    -->
    <id column="ROLE_ID" jdbcType="BIGINT" property="roleId" />
    <result column="ROLE_NAME" jdbcType="VARCHAR" property="roleName" />
    <result column="ROLE_DESC" jdbcType="VARCHAR" property="roleDesc" />
    <result column="CASE_INSPECT_LVL" jdbcType="INTEGER" property="caseInspectLvl" />
    <result column="STATUS" jdbcType="CHAR" property="status" />
    <result column="CREATOR" jdbcType="BIGINT" property="creator" />
    <result column="CREATE_TIME" jdbcType="TIMESTAMP" property="createTime" />
    <result column="LAST_MODIFY_TIME" jdbcType="TIMESTAMP" property="lastModifyTime" />
    <result column="LAST_MODIFIER" jdbcType="BIGINT" property="lastModifier" />
  </resultMap>
  <sql id="Example_Where_Clause">
    <!--
      WARNING - @mbggenerated
      This element is automatically generated by MyBatis Generator, do not modify.
      This element was generated on Thu Jun 27 16:41:32 CST 2013.
    -->
    <where>
      <foreach collection="oredCriteria" item="criteria" separator="or">
        <if test="criteria.valid">
          <trim prefix="(" prefixOverrides="and" suffix=")">
            <foreach collection="criteria.criteria" item="criterion">
              <choose>
                <when test="criterion.noValue">
                  and ${criterion.condition}
                </when>
                <when test="criterion.singleValue">
                  and ${criterion.condition} #{criterion.value}
                </when>
                <when test="criterion.betweenValue">
                  and ${criterion.condition} #{criterion.value} and #{criterion.secondValue}
                </when>
                <when test="criterion.listValue">
                  and ${criterion.condition}
                  <foreach close=")" collection="criterion.value" item="listItem" open="(" separator=",">
                    #{listItem}
                  </foreach>
                </when>
              </choose>
            </foreach>
          </trim>
        </if>
      </foreach>
    </where>
  </sql>
  <sql id="Update_By_Example_Where_Clause">
    <!--
      WARNING - @mbggenerated
      This element is automatically generated by MyBatis Generator, do not modify.
      This element was generated on Thu Jun 27 16:41:32 CST 2013.
    -->
    <where>
      <foreach collection="example.oredCriteria" item="criteria" separator="or">
        <if test="criteria.valid">
          <trim prefix="(" prefixOverrides="and" suffix=")">
            <foreach collection="criteria.criteria" item="criterion">
              <choose>
                <when test="criterion.noValue">
                  and ${criterion.condition}
                </when>
                <when test="criterion.singleValue">
                  and ${criterion.condition} #{criterion.value}
                </when>
                <when test="criterion.betweenValue">
                  and ${criterion.condition} #{criterion.value} and #{criterion.secondValue}
                </when>
                <when test="criterion.listValue">
                  and ${criterion.condition}
                  <foreach close=")" collection="criterion.value" item="listItem" open="(" separator=",">
                    #{listItem}
                  </foreach>
                </when>
              </choose>
            </foreach>
          </trim>
        </if>
      </foreach>
    </where>
  </sql>
  <sql id="Base_Column_List">
    <!--
      WARNING - @mbggenerated
      This element is automatically generated by MyBatis Generator, do not modify.
      This element was generated on Thu Jun 27 16:41:32 CST 2013.
    -->
    ROLE_ID, ROLE_NAME, ROLE_DESC, CASE_INSPECT_LVL, STATUS, CREATOR, CREATE_TIME, LAST_MODIFY_TIME, 
    LAST_MODIFIER
  </sql>
  <select id="selectByExample" parameterType="com.we.p2p.admin.entity.FrmSysRoleExample" resultMap="BaseResultMap">
    <!--
      WARNING - @mbggenerated
      This element is automatically generated by MyBatis Generator, do not modify.
      This element was generated on Thu Jun 27 16:41:32 CST 2013.
    -->
    select
    <if test="distinct">
      distinct
    </if>
    <include refid="Base_Column_List" />
    from frm_sys_role
    <if test="_parameter != null">
      <include refid="Example_Where_Clause" />
    </if>
    <if test="orderByClause != null">
      order by ${orderByClause}
    </if>
  </select>
  <select id="selectByPrimaryKey" parameterType="java.lang.Long" resultMap="BaseResultMap">
    <!--
      WARNING - @mbggenerated
      This element is automatically generated by MyBatis Generator, do not modify.
      This element was generated on Thu Jun 27 16:41:32 CST 2013.
    -->
    select 
    <include refid="Base_Column_List" />
    from frm_sys_role
    where ROLE_ID = #{roleId,jdbcType=BIGINT}
  </select>
  <delete id="deleteByPrimaryKey" parameterType="java.lang.Long">
    <!--
      WARNING - @mbggenerated
      This element is automatically generated by MyBatis Generator, do not modify.
      This element was generated on Thu Jun 27 16:41:32 CST 2013.
    -->
    delete from frm_sys_role
    where ROLE_ID = #{roleId,jdbcType=BIGINT}
  </delete>
  <delete id="deleteByExample" parameterType="com.we.p2p.admin.entity.FrmSysRoleExample">
    <!--
      WARNING - @mbggenerated
      This element is automatically generated by MyBatis Generator, do not modify.
      This element was generated on Thu Jun 27 16:41:32 CST 2013.
    -->
    delete from frm_sys_role
    <if test="_parameter != null">
      <include refid="Example_Where_Clause" />
    </if>
  </delete>
  <insert id="insert" parameterType="com.we.p2p.admin.entity.FrmSysRole">
    <!--
      WARNING - @mbggenerated
      This element is automatically generated by MyBatis Generator, do not modify.
      This element was generated on Thu Jun 27 16:41:32 CST 2013.
    -->
    insert into frm_sys_role (ROLE_ID, ROLE_NAME, ROLE_DESC, 
      CASE_INSPECT_LVL, STATUS, CREATOR, 
      CREATE_TIME, LAST_MODIFY_TIME, LAST_MODIFIER
      )
    values (#{roleId,jdbcType=BIGINT}, #{roleName,jdbcType=VARCHAR}, #{roleDesc,jdbcType=VARCHAR}, 
      #{caseInspectLvl,jdbcType=INTEGER}, #{status,jdbcType=CHAR}, #{creator,jdbcType=BIGINT}, 
      #{createTime,jdbcType=TIMESTAMP}, #{lastModifyTime,jdbcType=TIMESTAMP}, #{lastModifier,jdbcType=BIGINT}
      )
  </insert>
  <insert id="insertSelective" parameterType="com.we.p2p.admin.entity.FrmSysRole">
    <!--
      WARNING - @mbggenerated
      This element is automatically generated by MyBatis Generator, do not modify.
      This element was generated on Thu Jun 27 16:41:32 CST 2013.
    -->
    insert into frm_sys_role
    <trim prefix="(" suffix=")" suffixOverrides=",">
      <if test="roleId != null">
        ROLE_ID,
      </if>
      <if test="roleName != null">
        ROLE_NAME,
      </if>
      <if test="roleDesc != null">
        ROLE_DESC,
      </if>
      <if test="caseInspectLvl != null">
        CASE_INSPECT_LVL,
      </if>
      <if test="status != null">
        STATUS,
      </if>
      <if test="creator != null">
        CREATOR,
      </if>
      <if test="createTime != null">
        CREATE_TIME,
      </if>
      <if test="lastModifyTime != null">
        LAST_MODIFY_TIME,
      </if>
      <if test="lastModifier != null">
        LAST_MODIFIER,
      </if>
    </trim>
    <trim prefix="values (" suffix=")" suffixOverrides=",">
      <if test="roleId != null">
        #{roleId,jdbcType=BIGINT},
      </if>
      <if test="roleName != null">
        #{roleName,jdbcType=VARCHAR},
      </if>
      <if test="roleDesc != null">
        #{roleDesc,jdbcType=VARCHAR},
      </if>
      <if test="caseInspectLvl != null">
        #{caseInspectLvl,jdbcType=INTEGER},
      </if>
      <if test="status != null">
        #{status,jdbcType=CHAR},
      </if>
      <if test="creator != null">
        #{creator,jdbcType=BIGINT},
      </if>
      <if test="createTime != null">
        #{createTime,jdbcType=TIMESTAMP},
      </if>
      <if test="lastModifyTime != null">
        #{lastModifyTime,jdbcType=TIMESTAMP},
      </if>
      <if test="lastModifier != null">
        #{lastModifier,jdbcType=BIGINT},
      </if>
    </trim>
  </insert>
  <select id="countByExample" parameterType="com.we.p2p.admin.entity.FrmSysRoleExample" resultType="java.lang.Integer">
    <!--
      WARNING - @mbggenerated
      This element is automatically generated by MyBatis Generator, do not modify.
      This element was generated on Thu Jun 27 16:41:32 CST 2013.
    -->
    select count(*) from frm_sys_role
    <if test="_parameter != null">
      <include refid="Example_Where_Clause" />
    </if>
  </select>
  <update id="updateByExampleSelective" parameterType="map">
    <!--
      WARNING - @mbggenerated
      This element is automatically generated by MyBatis Generator, do not modify.
      This element was generated on Thu Jun 27 16:41:32 CST 2013.
    -->
    update frm_sys_role
    <set>
      <if test="record.roleId != null">
        ROLE_ID = #{record.roleId,jdbcType=BIGINT},
      </if>
      <if test="record.roleName != null">
        ROLE_NAME = #{record.roleName,jdbcType=VARCHAR},
      </if>
      <if test="record.roleDesc != null">
        ROLE_DESC = #{record.roleDesc,jdbcType=VARCHAR},
      </if>
      <if test="record.caseInspectLvl != null">
        CASE_INSPECT_LVL = #{record.caseInspectLvl,jdbcType=INTEGER},
      </if>
      <if test="record.status != null">
        STATUS = #{record.status,jdbcType=CHAR},
      </if>
      <if test="record.creator != null">
        CREATOR = #{record.creator,jdbcType=BIGINT},
      </if>
      <if test="record.createTime != null">
        CREATE_TIME = #{record.createTime,jdbcType=TIMESTAMP},
      </if>
      <if test="record.lastModifyTime != null">
        LAST_MODIFY_TIME = #{record.lastModifyTime,jdbcType=TIMESTAMP},
      </if>
      <if test="record.lastModifier != null">
        LAST_MODIFIER = #{record.lastModifier,jdbcType=BIGINT},
      </if>
    </set>
    <if test="_parameter != null">
      <include refid="Update_By_Example_Where_Clause" />
    </if>
  </update>
  <update id="updateByExample" parameterType="map">
    <!--
      WARNING - @mbggenerated
      This element is automatically generated by MyBatis Generator, do not modify.
      This element was generated on Thu Jun 27 16:41:32 CST 2013.
    -->
    update frm_sys_role
    set ROLE_ID = #{record.roleId,jdbcType=BIGINT},
      ROLE_NAME = #{record.roleName,jdbcType=VARCHAR},
      ROLE_DESC = #{record.roleDesc,jdbcType=VARCHAR},
      CASE_INSPECT_LVL = #{record.caseInspectLvl,jdbcType=INTEGER},
      STATUS = #{record.status,jdbcType=CHAR},
      CREATOR = #{record.creator,jdbcType=BIGINT},
      CREATE_TIME = #{record.createTime,jdbcType=TIMESTAMP},
      LAST_MODIFY_TIME = #{record.lastModifyTime,jdbcType=TIMESTAMP},
      LAST_MODIFIER = #{record.lastModifier,jdbcType=BIGINT}
    <if test="_parameter != null">
      <include refid="Update_By_Example_Where_Clause" />
    </if>
  </update>
  <update id="updateByPrimaryKeySelective" parameterType="com.we.p2p.admin.entity.FrmSysRole">
    <!--
      WARNING - @mbggenerated
      This element is automatically generated by MyBatis Generator, do not modify.
      This element was generated on Thu Jun 27 16:41:32 CST 2013.
    -->
    update frm_sys_role
    <set>
      <if test="roleName != null">
        ROLE_NAME = #{roleName,jdbcType=VARCHAR},
      </if>
      <if test="roleDesc != null">
        ROLE_DESC = #{roleDesc,jdbcType=VARCHAR},
      </if>
      <if test="caseInspectLvl != null">
        CASE_INSPECT_LVL = #{caseInspectLvl,jdbcType=INTEGER},
      </if>
      <if test="status != null">
        STATUS = #{status,jdbcType=CHAR},
      </if>
      <if test="creator != null">
        CREATOR = #{creator,jdbcType=BIGINT},
      </if>
      <if test="createTime != null">
        CREATE_TIME = #{createTime,jdbcType=TIMESTAMP},
      </if>
      <if test="lastModifyTime != null">
        LAST_MODIFY_TIME = #{lastModifyTime,jdbcType=TIMESTAMP},
      </if>
      <if test="lastModifier != null">
        LAST_MODIFIER = #{lastModifier,jdbcType=BIGINT},
      </if>
    </set>
    where ROLE_ID = #{roleId,jdbcType=BIGINT}
  </update>
  <update id="updateByPrimaryKey" parameterType="com.we.p2p.admin.entity.FrmSysRole">
    <!--
      WARNING - @mbggenerated
      This element is automatically generated by MyBatis Generator, do not modify.
      This element was generated on Thu Jun 27 16:41:32 CST 2013.
    -->
    update frm_sys_role
    set ROLE_NAME = #{roleName,jdbcType=VARCHAR},
      ROLE_DESC = #{roleDesc,jdbcType=VARCHAR},
      CASE_INSPECT_LVL = #{caseInspectLvl,jdbcType=INTEGER},
      STATUS = #{status,jdbcType=CHAR},
      CREATOR = #{creator,jdbcType=BIGINT},
      CREATE_TIME = #{createTime,jdbcType=TIMESTAMP},
      LAST_MODIFY_TIME = #{lastModifyTime,jdbcType=TIMESTAMP},
      LAST_MODIFIER = #{lastModifier,jdbcType=BIGINT}
    where ROLE_ID = #{roleId,jdbcType=BIGINT}
  </update>
</mapper>