<?xml version="1.0" encoding="UTF-8" ?>
<!DOCTYPE mapper PUBLIC "-//mybatis.org//DTD Mapper 3.0//EN" "http://mybatis.org/dtd/mybatis-3-mapper.dtd" >
<mapper namespace="com.we.p2p.admin.dao.FrmSysRoleRescMapper" >
  <resultMap id="BaseResultMap" type="com.we.p2p.admin.entity.FrmSysRoleResc" >
    <!--
      WARNING - @mbggenerated
      This element is automatically generated by MyBatis Generator, do not modify.
      This element was generated on Wed May 15 13:47:10 GMT+08:00 2013.
    -->
    <result column="ROLE_ID" property="roleId" jdbcType="BIGINT" />
    <result column="RESC_ID" property="rescId" jdbcType="BIGINT" />
  </resultMap>
  <sql id="Example_Where_Clause" >
    <!--
      WARNING - @mbggenerated
      This element is automatically generated by MyBatis Generator, do not modify.
      This element was generated on Wed May 15 13:47:10 GMT+08:00 2013.
    -->
    <where >
      <foreach collection="oredCriteria" item="criteria" separator="or" >
        <if test="criteria.valid" >
          <trim prefix="(" suffix=")" prefixOverrides="and" >
            <foreach collection="criteria.criteria" item="criterion" >
              <choose >
                <when test="criterion.noValue" >
                  and ${criterion.condition}
                </when>
                <when test="criterion.singleValue" >
                  and ${criterion.condition} #{criterion.value}
                </when>
                <when test="criterion.betweenValue" >
                  and ${criterion.condition} #{criterion.value} and #{criterion.secondValue}
                </when>
                <when test="criterion.listValue" >
                  and ${criterion.condition}
                  <foreach collection="criterion.value" item="listItem" open="(" close=")" separator="," >
                    #{listItem}
                  </foreach>
                </when>
              </choose>
            </foreach>
          </trim>
        </if>
      </foreach>
    </where>
  </sql>
  <sql id="Update_By_Example_Where_Clause" >
    <!--
      WARNING - @mbggenerated
      This element is automatically generated by MyBatis Generator, do not modify.
      This element was generated on Wed May 15 13:47:10 GMT+08:00 2013.
    -->
    <where >
      <foreach collection="example.oredCriteria" item="criteria" separator="or" >
        <if test="criteria.valid" >
          <trim prefix="(" suffix=")" prefixOverrides="and" >
            <foreach collection="criteria.criteria" item="criterion" >
              <choose >
                <when test="criterion.noValue" >
                  and ${criterion.condition}
                </when>
                <when test="criterion.singleValue" >
                  and ${criterion.condition} #{criterion.value}
                </when>
                <when test="criterion.betweenValue" >
                  and ${criterion.condition} #{criterion.value} and #{criterion.secondValue}
                </when>
                <when test="criterion.listValue" >
                  and ${criterion.condition}
                  <foreach collection="criterion.value" item="listItem" open="(" close=")" separator="," >
                    #{listItem}
                  </foreach>
                </when>
              </choose>
            </foreach>
          </trim>
        </if>
      </foreach>
    </where>
  </sql>
  <sql id="Base_Column_List" >
    <!--
      WARNING - @mbggenerated
      This element is automatically generated by MyBatis Generator, do not modify.
      This element was generated on Wed May 15 13:47:10 GMT+08:00 2013.
    -->
    ROLE_ID, RESC_ID
  </sql>
  <select id="selectByExample" resultMap="BaseResultMap" parameterType="com.we.p2p.admin.entity.FrmSysRoleRescExample" >
    <!--
      WARNING - @mbggenerated
      This element is automatically generated by MyBatis Generator, do not modify.
      This element was generated on Wed May 15 13:47:10 GMT+08:00 2013.
    -->
    select
    <if test="distinct" >
      distinct
    </if>
    <include refid="Base_Column_List" />
    from frm_sys_role_resc
    <if test="_parameter != null" >
      <include refid="Example_Where_Clause" />
    </if>
    <if test="orderByClause != null" >
      order by ${orderByClause}
    </if>
  </select>
  <delete id="deleteByExample" parameterType="com.we.p2p.admin.entity.FrmSysRoleRescExample" >
    <!--
      WARNING - @mbggenerated
      This element is automatically generated by MyBatis Generator, do not modify.
      This element was generated on Wed May 15 13:47:10 GMT+08:00 2013.
    -->
    delete from frm_sys_role_resc
    <if test="_parameter != null" >
      <include refid="Example_Where_Clause" />
    </if>
  </delete>
  <insert id="insert" parameterType="com.we.p2p.admin.entity.FrmSysRoleResc" >
    <!--
      WARNING - @mbggenerated
      This element is automatically generated by MyBatis Generator, do not modify.
      This element was generated on Wed May 15 13:47:10 GMT+08:00 2013.
    -->
    insert into frm_sys_role_resc (ROLE_ID, RESC_ID)
    values (#{roleId,jdbcType=BIGINT}, #{rescId,jdbcType=BIGINT})
  </insert>
  <insert id="insertSelective" parameterType="com.we.p2p.admin.entity.FrmSysRoleResc" >
    <!--
      WARNING - @mbggenerated
      This element is automatically generated by MyBatis Generator, do not modify.
      This element was generated on Wed May 15 13:47:10 GMT+08:00 2013.
    -->
    insert into frm_sys_role_resc
    <trim prefix="(" suffix=")" suffixOverrides="," >
      <if test="roleId != null" >
        ROLE_ID,
      </if>
      <if test="rescId != null" >
        RESC_ID,
      </if>
    </trim>
    <trim prefix="values (" suffix=")" suffixOverrides="," >
      <if test="roleId != null" >
        #{roleId,jdbcType=BIGINT},
      </if>
      <if test="rescId != null" >
        #{rescId,jdbcType=BIGINT},
      </if>
    </trim>
  </insert>
  <select id="countByExample" parameterType="com.we.p2p.admin.entity.FrmSysRoleRescExample" resultType="java.lang.Integer" >
    <!--
      WARNING - @mbggenerated
      This element is automatically generated by MyBatis Generator, do not modify.
      This element was generated on Wed May 15 13:47:10 GMT+08:00 2013.
    -->
    select count(*) from frm_sys_role_resc
    <if test="_parameter != null" >
      <include refid="Example_Where_Clause" />
    </if>
  </select>
  <update id="updateByExampleSelective" parameterType="map" >
    <!--
      WARNING - @mbggenerated
      This element is automatically generated by MyBatis Generator, do not modify.
      This element was generated on Wed May 15 13:47:10 GMT+08:00 2013.
    -->
    update frm_sys_role_resc
    <set >
      <if test="record.roleId != null" >
        ROLE_ID = #{record.roleId,jdbcType=BIGINT},
      </if>
      <if test="record.rescId != null" >
        RESC_ID = #{record.rescId,jdbcType=BIGINT},
      </if>
    </set>
    <if test="_parameter != null" >
      <include refid="Update_By_Example_Where_Clause" />
    </if>
  </update>
  <update id="updateByExample" parameterType="map" >
    <!--
      WARNING - @mbggenerated
      This element is automatically generated by MyBatis Generator, do not modify.
      This element was generated on Wed May 15 13:47:10 GMT+08:00 2013.
    -->
    update frm_sys_role_resc
    set ROLE_ID = #{record.roleId,jdbcType=BIGINT},
      RESC_ID = #{record.rescId,jdbcType=BIGINT}
    <if test="_parameter != null" >
      <include refid="Update_By_Example_Where_Clause" />
    </if>
  </update>
</mapper>