<?xml version="1.0" encoding="UTF-8" ?>
<!DOCTYPE mapper PUBLIC "-//mybatis.org//DTD Mapper 3.0//EN" "http://mybatis.org/dtd/mybatis-3-mapper.dtd" >
<mapper namespace="com.we.p2p.admin.dao.FrmSysUserMapper" >
  <resultMap id="ExtendResultMap" type="com.we.p2p.admin.entity.User" >
    <id column="USER_ID" jdbcType="BIGINT" property="userId" />
    <result column="NAME" jdbcType="VARCHAR" property="name" />
    <result column="DESCRIPTION" jdbcType="VARCHAR" property="description" />
    <result column="DEPT_ID" jdbcType="BIGINT" property="deptId" />
    <result column="LOGIN_ID" jdbcType="VARCHAR" property="loginId" />
    <result column="PASSWORD" jdbcType="VARCHAR" property="password" />
    <result column="ROLE_ID" jdbcType="BIGINT" property="roleId" />
    <result column="STATUS" jdbcType="CHAR" property="status" />
    <result column="CREATED" jdbcType="TIMESTAMP" property="created" />
    <result column="LAST_LOGIN" jdbcType="TIMESTAMP" property="lastLogin" />
    <result column="LAST_LOGIP" jdbcType="VARCHAR" property="lastLogip" />
    <result column="PASS_INVALID_DATE" jdbcType="TIMESTAMP" property="passInvalidDate" />
    <result column="PASS_ERR_COUNT" jdbcType="INTEGER" property="passErrCount" />
  </resultMap> 
  <select id="selectByLoginId" resultMap="ExtendResultMap" parameterType="java.lang.String" >
    <!--
      WARNING - @mbggenerated
      This element is automatically generated by MyBatis Generator, do not modify.
      This element was generated on Wed May 15 13:47:10 GMT+08:00 2013.
    -->
    select 
    <include refid="Base_Column_List" />
    from frm_sys_user
    where LOGIN_ID = #{loginId,jdbcType=VARCHAR}
  </select>    
  <select id="getNoQueueUser" resultMap="BaseResultMap" parameterType="java.util.Map" >
    <!--
      WARNING - @mbggenerated
      This element is automatically generated by MyBatis Generator, do not modify.
      This element was generated on Wed May 15 13:47:10 GMT+08:00 2013.
    -->
    select 
    <include refid="Base_Column_List" />
    from frm_sys_user
    where STATUS='1' and USER_ID not in (select USER_ID from frm_warning_queue_user where QUEUE_ID=#{queueId,jdbcType=BIGINT})
  </select> 
</mapper>